#include <stdint.h>

const uint16_t logo_unesa[] = {
  0x0000, 0x0000, 0x0000, 0x0000, 0x0000, 0x0000, 0x0000, 0x0000, 0x0000, 0x0000, 0x0000, 0x0000,
  0x0000, 0x0000, 0x0000, 0x0000, 0x0000, 0x0000, 0x0000, 0x0000, 0x0000, 0x0000, 0x0000, 0x0000,
  0x0000, 0x0000, 0x0000, 0x0000, 0x0000, 0x0000, 0x0000, 0x0000, 0x0000, 0x0000, 0x0000, 0x0000,
  0x0000, 0x0000, 0x0000, 0x0000, 0x0000, 0x0000, 0x0000, 0x0000, 0x0000, 0x0000, 0x0000, 0x0000,
  0x0000, 0x0000, 0x0000, 0x0000, 0x0000, 0x0000, 0x0000, 0x0000, 0x0000, 0x0000, 0x0000, 0x0000,
  0x0000, 0x0000, 0x0000, 0x0000, 0x0000, 0x0000, 0x0000, 0x0000, 0x0000, 0x0000, 0x0000, 0x0000,
  0x0000, 0x0000, 0x0000, 0x0000, 0x0000, 0x0000, 0xDD68, 0x0000, 0x0000, 0x0000, 0x0000, 0x0000,
  0x0000, 0x0000, 0x0000, 0x0000, 0x0000, 0x0000, 0x0000, 0x0000, 0x0000, 0x0000, 0x0000, 0x0000,
  0x0000, 0x0000, 0x0000, 0x0000, 0x0000, 0x0000, 0x0000, 0x0000, 0x0000, 0x0000, 0x0000, 0x0000,
  0x0000, 0x0000, 0x0000, 0x0000, 0x0000, 0x0000, 0x0000, 0x0000, 0x0000, 0x0000, 0x0000, 0x0000,
  0x0000, 0x0000, 0x0000, 0x0000, 0x0000, 0x0000, 0x0000, 0x0000, 0x0000, 0x0000, 0x0000, 0x0000,
  0x0000, 0x0000, 0x0000, 0x0000, 0x0000, 0x0000, 0x0000, 0x0000, 0x0000, 0x0000, 0x0000, 0x0000,
  0x0000, 0x0000, 0x0000, 0x0000, 0x0000, 0x0000, 0x0000, 0x0000, 0x0000, 0x0000, 0x0000, 0x0000,
  0x0000, 0x0000, 0x0000, 0x0000, 0x0000, 0x0000, 0x0000, 0x0000, 0x0000, 0x0000, 0x0000, 0x0000,
  0x0000, 0x0000, 0x0000, 0x0000, 0x0000, 0x0000, 0x0000, 0x0000, 0x0000, 0x0000, 0x0000, 0x0000,
  0x0000, 0x0000, 0x0000, 0x0000, 0x0000, 0x0000, 0x0000, 0x0000, 0x0000, 0x0000, 0x0000, 0x0000,
  0x0000, 0x0000, 0x0000, 0x0000, 0x0000, 0x0000, 0x0000, 0x0000, 0x0000, 0x0000, 0x0000, 0x0000,
  0x0000, 0x0000, 0x0000, 0x0000, 0x0000, 0x0000, 0x0000, 0x0000, 0x0000, 0x0000, 0x0000, 0x0000,
  0x0000, 0x0000, 0x0000, 0x0000, 0x0000, 0x0000, 0x0000, 0x0000, 0x0000, 0x0000, 0x0000, 0x0000,
  0x0000, 0x0000, 0x0000, 0x0000, 0x0000, 0x0000, 0x0000, 0x0000, 0xDD68, 0x0000, 0x0000, 0x0000,
  0x0000, 0x0000, 0x0000, 0x0000, 0x0000, 0x0000, 0x0000, 0x0000, 0x0000, 0x0000, 0x0000, 0x0000,
  0x0000, 0x0000, 0x0000, 0x0000, 0x0000, 0x0000, 0x0000, 0x0000, 0x0000, 0x0000, 0x0000, 0x0000,
  0x0000, 0x0000, 0x0000, 0x0000, 0x0000, 0x0000, 0x0000, 0x0000, 0x0000, 0x0000, 0x0000, 0x0000,
  0x0000, 0x0000, 0x0000, 0x0000, 0x0000, 0x0000, 0x0000, 0x0000, 0x0000, 0x0000, 0x0000, 0x0000,
  0x0000, 0x0000, 0x0000, 0x0000, 0x0000, 0x0000, 0x0000, 0x0000, 0x0000, 0x0000, 0x0000, 0x0000,
  0x0000, 0x0000, 0x0000, 0x0000, 0x0000, 0x0000, 0x0000, 0x0000, 0x0000, 0x0000, 0x0000, 0x0000,
  0x0000, 0x0000, 0x0000, 0x0000, 0x0000, 0x0000, 0x0000, 0x0000, 0x0000, 0x0000, 0x0000, 0x0000,
  0x0000, 0x0000, 0x0000, 0x0000, 0x0000, 0x0000, 0x0000, 0x0000, 0x0000, 0x0000, 0x0000, 0x0000,
  0x0000, 0x0000, 0x0000, 0x0000, 0x0000, 0x0000, 0x0000, 0x0000, 0x0000, 0x0000, 0x0000, 0x0000,
  0x0000, 0x0000, 0x0000, 0x0000, 0x0000, 0x0000, 0x0000, 0x0000, 0x0000, 0x0000, 0x0000, 0x0000,
  0x0000, 0x0000, 0x0000, 0x0000, 0x0000, 0x0000, 0x0000, 0x0000, 0x0000, 0x0000, 0x0000, 0x0000,
  0x0000, 0x0000, 0x0000, 0x0000, 0x0000, 0x0000, 0x0000, 0x0000, 0x0000, 0x0000, 0x0000, 0x0000,
  0x0000, 0x0000, 0x0000, 0x0000, 0x0000, 0x0000, 0x0000, 0x0000, 0x0000, 0xDD68, 0xDD68, 0xD528,
  0x0000, 0x0000, 0x0000, 0x0000, 0x0000, 0x0000, 0x0000, 0x0000, 0x0000, 0x0000, 0x0000, 0x0000,
  0x0000, 0x0000, 0x0000, 0x0000, 0x0000, 0x0000, 0x0000, 0x0000, 0x0000, 0x0000, 0x0000, 0x0000,
  0x0000, 0x0000, 0x0000, 0x0000, 0x0000, 0x0000, 0x0000, 0x0000, 0x0000, 0x0000, 0x0000, 0x0000,
  0x0000, 0x0000, 0x0000, 0x0000, 0x0000, 0x0000, 0x0000, 0x0000, 0x0000, 0x0000, 0x0000, 0x0000,
  0x0000, 0x0000, 0x0000, 0x0000, 0x0000, 0x0000, 0x0000, 0x0000, 0x0000, 0x0000, 0x0000, 0x0000,
  0x0000, 0x0000, 0x0000, 0x0000, 0x0000, 0x0000, 0x0000, 0x0000, 0x0000, 0x0000, 0x0000, 0x0000,
  0x0000, 0x0000, 0x0000, 0x0000, 0x0000, 0x0000, 0x0000, 0x0000, 0x0000, 0x0000, 0x0000, 0x0000,
  0x0000, 0x0000, 0x0000, 0x0000, 0x0000, 0x0000, 0x0000, 0x0000, 0x0000, 0x0000, 0x0000, 0x0000,
  0x0000, 0x0000, 0x0000, 0x0000, 0x0000, 0x0000, 0x0000, 0x0000, 0x0000, 0x0000, 0x0000, 0x0000,
  0x0000, 0x0000, 0x0000, 0x0000, 0x0000, 0x0000, 0x0000, 0x0000, 0x0000, 0x0000, 0x0000, 0x0000,
  0x0000, 0x0000, 0x0000, 0x0000, 0x0000, 0x0000, 0x0000, 0x0000, 0x0000, 0x0000, 0x0000, 0x0000,
  0x0000, 0x0000, 0x0000, 0x0000, 0x0000, 0x0000, 0x0000, 0x0000, 0x0000, 0x0000, 0x0000, 0x0000,
  0x0000, 0x0000, 0x0000, 0x0000, 0x0000, 0x0000, 0x0000, 0x0000, 0x0000, 0x0000, 0x0000, 0xDD68,
  0xDD68, 0xDD68, 0x0000, 0x0000, 0x0000, 0x0000, 0x0000, 0x0000, 0x0000, 0x0000, 0x0000, 0x0000,
  0x0000, 0x0000, 0x0000, 0x0000, 0x0000, 0x0000, 0x0000, 0x0000, 0x0000, 0x0000, 0x0000, 0x0000,
  0x0000, 0x0000, 0x0000, 0x0000, 0x0000, 0x0000, 0x0000, 0x0000, 0x0000, 0x0000, 0x0000, 0x0000,
  0x0000, 0x0000, 0x0000, 0x0000, 0x0000, 0x0000, 0x0000, 0x0000, 0x0000, 0x0000, 0x0000, 0x0000,
  0x0000, 0x0000, 0x0000, 0x0000, 0x0000, 0x0000, 0x0000, 0x0000, 0x0000, 0x0000, 0x0000, 0x0000,
  0x0000, 0x0000, 0x0000, 0x0000, 0x0000, 0x0000, 0x0000, 0x0000, 0x0000, 0x0000, 0x0000, 0x0000,
  0x0000, 0x0000, 0x0000, 0x0000, 0x0000, 0x0000, 0x0000, 0x0000, 0x0000, 0x0000, 0x0000, 0x0000,
  0x0000, 0x0000, 0x0000, 0x0000, 0x0000, 0x0000, 0x0000, 0x0000, 0x0000, 0x0000, 0x0000, 0x0000,
  0x0000, 0x0000, 0x0000, 0x0000, 0x0000, 0x0000, 0x0000, 0x0000, 0x0000, 0x0000, 0x0000, 0x0000,
  0x0000, 0x0000, 0x0000, 0x0000, 0x0000, 0x0000, 0x0000, 0x0000, 0x0000, 0x0000, 0x0000, 0x0000,
  0x0000, 0x0000, 0x0000, 0x0000, 0x0000, 0x0000, 0x0000, 0x0000, 0x0000, 0x0000, 0x0000, 0x0000,
  0x0000, 0x0000, 0x0000, 0x0000, 0x0000, 0x0000, 0x0000, 0x0000, 0x0000, 0x0000, 0x0000, 0x0000,
  0x0000, 0x0000, 0x0000, 0x0000, 0x0000, 0x0000, 0x0000, 0x0000, 0x0000, 0x0000, 0x0000, 0x0000,
  0xDD68, 0xDD68, 0xDD68, 0xDD68, 0xDD68, 0x0000, 0x0000, 0x0000, 0x0000, 0x0000, 0x0000, 0x0000,
  0x0000, 0x0000, 0x0000, 0x0000, 0x0000, 0x0000, 0x0000, 0x0000, 0x0000, 0x0000, 0x0000, 0x0000,
  0x0000, 0x0000, 0x0000, 0x0000, 0x0000, 0x0000, 0x0000, 0x0000, 0x0000, 0x0000, 0x0000, 0x0000,
  0x0000, 0x0000, 0x0000, 0x0000, 0x0000, 0x0000, 0x0000, 0x0000, 0x0000, 0x0000, 0x0000, 0x0000,
  0x0000, 0x0000, 0x0000, 0x0000, 0x0000, 0x0000, 0x0000, 0x0000, 0x0000, 0x0000, 0x0000, 0x0000,
  0x0000, 0x0000, 0x0000, 0x0000, 0x0000, 0x0000, 0x0000, 0x0000, 0x0000, 0x0000, 0x0000, 0x0000,
  0x0000, 0x0000, 0x0000, 0x0000, 0x0000, 0x0000, 0x0000, 0x0000, 0x0000, 0x0000, 0x0000, 0x0000,
  0x0000, 0x0000, 0x0000, 0x0000, 0x0000, 0x0000, 0x0000, 0x0000, 0x0000, 0x0000, 0x0000, 0x0000,
  0x0000, 0x0000, 0x0000, 0x0000, 0x0000, 0x0000, 0x0000, 0x0000, 0x0000, 0x0000, 0x0000, 0x0000,
  0x0000, 0x0000, 0x0000, 0x0000, 0x0000, 0x0000, 0x0000, 0x0000, 0x0000, 0x0000, 0x0000, 0x0000,
  0x0000, 0x0000, 0x0000, 0x0000, 0x0000, 0x0000, 0x0000, 0x0000, 0x0000, 0x0000, 0x0000, 0x0000,
  0x0000, 0x0000, 0x0000, 0x0000, 0x0000, 0x0000, 0x0000, 0x0000, 0x0000, 0x0000, 0x0000, 0x0000,
  0x0000, 0x0000, 0x0000, 0x0000, 0x0000, 0x0000, 0x0000, 0x0000, 0x0000, 0x0000, 0x0000, 0x0000,
  0x0000, 0x0000, 0xDD68, 0xDD68, 0xDD68, 0xDD68, 0xDD68, 0x0000, 0x0000, 0x0000, 0x0000, 0x0000,
  0x0000, 0x0000, 0x0000, 0x0000, 0x0000, 0x0000, 0x0000, 0x0000, 0x0000, 0x0000, 0x0000, 0x0000,
  0x0000, 0x0000, 0x0000, 0x0000, 0x0000, 0x0000, 0x0000, 0x0000, 0x0000, 0x0000, 0x0000, 0x0000,
  0x0000, 0x0000, 0x0000, 0x0000, 0x0000, 0x0000, 0x0000, 0x0000, 0x0000, 0x0000, 0x0000, 0x0000,
  0x0000, 0x0000, 0x0000, 0x0000, 0x0000, 0x0000, 0x0000, 0x0000, 0x0000, 0x0000, 0x0000, 0x0000,
  0x0000, 0x0000, 0x0000, 0x0000, 0x0000, 0x0000, 0x0000, 0x0000, 0x0000, 0x0000, 0x0000, 0x0000,
  0x0000, 0x0000, 0x0000, 0x0000, 0x0000, 0x0000, 0x0000, 0x0000, 0x0000, 0x0000, 0x0000, 0x0000,
  0x0000, 0x0000, 0x0000, 0x0000, 0x0000, 0x0000, 0x0000, 0x0000, 0x0000, 0x0000, 0x0000, 0x0000,
  0x0000, 0x0000, 0x0000, 0x0000, 0x0000, 0x0000, 0x0000, 0x0000, 0x0000, 0x0000, 0x0000, 0x0000,
  0x0000, 0x0000, 0x0000, 0x0000, 0x0000, 0x0000, 0x0000, 0x0000, 0x0000, 0x0000, 0x0000, 0x0000,
  0x0000, 0x0000, 0x0000, 0x0000, 0x0000, 0x0000, 0x0000, 0x0000, 0x0000, 0x0000, 0x0000, 0x0000,
  0x0000, 0x0000, 0x0000, 0x0000, 0x0000, 0x0000, 0x0000, 0x0000, 0x0000, 0x0000, 0x0000, 0x0000,
  0x0000, 0x0000, 0x0000, 0x0000, 0x0000, 0x0000, 0x0000, 0x0000, 0x0000, 0x0000, 0x0000, 0x0000,
  0x0000, 0x0000, 0x0000, 0xDD68, 0xDD68, 0xDD68, 0xDD68, 0xDD68, 0xDD68, 0xDD68, 0x0000, 0x0000,
  0x0000, 0x0000, 0x0000, 0x0000, 0x0000, 0x0000, 0x0000, 0x0000, 0x0000, 0x0000, 0x0000, 0x0000,
  0x0000, 0x0000, 0x0000, 0x0000, 0x0000, 0x0000, 0x0000, 0x0000, 0x0000, 0x0000, 0x0000, 0x0000,
  0x0000, 0x0000, 0x0000, 0x0000, 0x0000, 0x0000, 0x0000, 0x0000, 0x0000, 0x0000, 0x0000, 0x0000,
  0x0000, 0x0000, 0x0000, 0x0000, 0x0000, 0x0000, 0x0000, 0x0000, 0x0000, 0x0000, 0x0000, 0x0000,
  0x0000, 0x0000, 0x0000, 0x0000, 0x0000, 0x0000, 0x0000, 0x0000, 0x0000, 0x0000, 0x0000, 0x0000,
  0x0000, 0x0000, 0x0000, 0x0000, 0x0000, 0x0000, 0x0000, 0x0000, 0x0000, 0x0000, 0x0000, 0x0000,
  0x0000, 0x0000, 0x0000, 0x0000, 0x0000, 0x0000, 0x0000, 0x0000, 0x0000, 0x0000, 0x0000, 0x0000,
  0x0000, 0x0000, 0x0000, 0x0000, 0x0000, 0x0000, 0x0000, 0x0000, 0x0000, 0x0000, 0x0000, 0x0000,
  0x0000, 0x0000, 0x0000, 0x0000, 0x0000, 0x0000, 0x0000, 0x0000, 0x0000, 0x0000, 0x0000, 0x0000,
  0x0000, 0x0000, 0x0000, 0x0000, 0x0000, 0x0000, 0x0000, 0x0000, 0x0000, 0x0000, 0x0000, 0x0000,
  0x0000, 0x0000, 0x0000, 0x0000, 0x0000, 0x0000, 0x0000, 0x0000, 0x0000, 0x0000, 0x0000, 0x0000,
  0x0000, 0x0000, 0x0000, 0x0000, 0x0000, 0x0000, 0x0000, 0x0000, 0x0000, 0x0000, 0x0000, 0x0000,
  0x0000, 0x0000, 0x0000, 0x0000, 0xDD68, 0xDD68, 0xDD68, 0xDD68, 0xDD68, 0xDD68, 0xDD68, 0xDD68,
  0xDD68, 0x0000, 0x0000, 0x0000, 0x0000, 0x0000, 0x0000, 0x0000, 0x0000, 0x0000, 0x0000, 0x0000,
  0x0000, 0x0000, 0x0000, 0x0000, 0x0000, 0x0000, 0x0000, 0x0000, 0x0000, 0x0000, 0x0000, 0x0000,
  0x0000, 0x0000, 0x0000, 0x0000, 0x0000, 0x0000, 0x0000, 0x0000, 0x0000, 0x0000, 0x0000, 0x0000,
  0x0000, 0x0000, 0x0000, 0x0000, 0x0000, 0x0000, 0x0000, 0x0000, 0x0000, 0x0000, 0x0000, 0x0000,
  0x0000, 0x0000, 0x0000, 0x0000, 0x0000, 0x0000, 0x0000, 0x0000, 0x0000, 0x0000, 0x0000, 0x0000,
  0x0000, 0x0000, 0x0000, 0x0000, 0x0000, 0x0000, 0x0000, 0x0000, 0x0000, 0x0000, 0x0000, 0x0000,
  0x0000, 0x0000, 0x0000, 0x0000, 0x0000, 0x0000, 0x0000, 0x0000, 0x0000, 0x0000, 0x0000, 0x0000,
  0x0000, 0x0000, 0x0000, 0x0000, 0x0000, 0x0000, 0x0000, 0x0000, 0x0000, 0x0000, 0x0000, 0x0000,
  0x0000, 0x0000, 0x0000, 0x0000, 0x0000, 0x0000, 0x0000, 0x0000, 0x0000, 0x0000, 0x0000, 0x0000,
  0x0000, 0x0000, 0x0000, 0x0000, 0x0000, 0x0000, 0x0000, 0x0000, 0x0000, 0x0000, 0x0000, 0x0000,
  0x0000, 0x0000, 0x0000, 0x0000, 0x0000, 0x0000, 0x0000, 0x0000, 0x0000, 0x0000, 0x0000, 0x0000,
  0x0000, 0x0000, 0x0000, 0x0000, 0x0000, 0x0000, 0x0000, 0x0000, 0x0000, 0xDD68, 0x0000, 0x0000,
  0x0000, 0x0000, 0x0000, 0x0000, 0x0000, 0x0000, 0xDD68, 0xDD68, 0xDD68, 0xDD68, 0xDD68, 0xDD68,
  0xDD68, 0xDD68, 0xDD68, 0x0000, 0x0000, 0x0000, 0x0000, 0x0000, 0x0000, 0x0000, 0x0000, 0xDD68,
  0x0000, 0x0000, 0x0000, 0x0000, 0x0000, 0x0000, 0x0000, 0x0000, 0x0000, 0x0000, 0x0000, 0x0000,
  0x0000, 0x0000, 0x0000, 0x0000, 0x0000, 0x0000, 0x0000, 0x0000, 0x0000, 0x0000, 0x0000, 0x0000,
  0x0000, 0x0000, 0x0000, 0x0000, 0x0000, 0x0000, 0x0000, 0x0000, 0x0000, 0x0000, 0x0000, 0x0000,
  0x0000, 0x0000, 0x0000, 0x0000, 0x0000, 0x0000, 0x0000, 0x0000, 0x0000, 0x0000, 0x0000, 0x0000,
  0x0000, 0x0000, 0x0000, 0x0000, 0x0000, 0x0000, 0x0000, 0x0000, 0x0000, 0x0000, 0x0000, 0x0000,
  0x0000, 0x0000, 0x0000, 0x0000, 0x0000, 0x0000, 0x0000, 0x0000, 0x0000, 0x0000, 0x0000, 0x0000,
  0x0000, 0x0000, 0x0000, 0x0000, 0x0000, 0x0000, 0x0000, 0x0000, 0x0000, 0x0000, 0x0000, 0x0000,
  0x0000, 0x0000, 0x0000, 0x0000, 0x0000, 0x0000, 0x0000, 0x0000, 0x0000, 0x0000, 0x0000, 0x0000,
  0x0000, 0x0000, 0x0000, 0x0000, 0x0000, 0x0000, 0x0000, 0x0000, 0x0000, 0x0000, 0x0000, 0x0000,
  0x0000, 0x0000, 0x0000, 0x0000, 0x0000, 0x0000, 0x0000, 0x0000, 0x0000, 0x0000, 0x0000, 0x0000,
  0x0000, 0x0000, 0x0000, 0x0000, 0x0000, 0x0000, 0x0000, 0x0000, 0xDD68, 0xDD68, 0xDD68, 0x1060,
  0x0000, 0x0000, 0x0000, 0x0000, 0x0000, 0x0000, 0x0000, 0x0000, 0xDD68, 0xDD68, 0xDD68, 0xBCA7,
  0x0000, 0xCD08, 0xDD68, 0xDD68, 0xDD68, 0x0000, 0x0000, 0x0000, 0x0000, 0x0000, 0x0000, 0x0000,
  0x0000, 0x18A1, 0xDD68, 0xDD68, 0xDD68, 0x0000, 0x0000, 0x0000, 0x0000, 0x0000, 0x0000, 0x0000,
  0x0000, 0x0000, 0x0000, 0x0000, 0x0000, 0x0000, 0x0000, 0x0000, 0x0000, 0x0000, 0x0000, 0x0000,
  0x0000, 0x0000, 0x0000, 0x0000, 0x0000, 0x0000, 0x0000, 0x0000, 0x0000, 0x0000, 0x0000, 0x0000,
  0x0000, 0x0000, 0x0000, 0x0000, 0x0000, 0x0000, 0x0000, 0x0000, 0x0000, 0x0000, 0x0000, 0x0000,
  0x0000, 0x0000, 0x0000, 0x0000, 0x0000, 0x0000, 0x0000, 0x0000, 0x0000, 0x0000, 0x0000, 0x0000,
  0x0000, 0x0000, 0x0000, 0x0000, 0x0000, 0x0000, 0x0000, 0x0000, 0x0000, 0x0000, 0x0000, 0x0000,
  0x0000, 0x0000, 0x0000, 0x0000, 0x0000, 0x0000, 0x0000, 0x0000, 0x0000, 0x0000, 0x0000, 0x0000,
  0x0000, 0x0000, 0x0000, 0x0000, 0x0000, 0x0000, 0x0000, 0x0000, 0x0000, 0x0000, 0x0000, 0x0000,
  0x0000, 0x0000, 0x0000, 0x0000, 0x0000, 0x0000, 0x0000, 0x0000, 0x0000, 0x0000, 0x0000, 0x0000,
  0x0000, 0x0000, 0x0000, 0x0000, 0x0000, 0x0000, 0x0000, 0x0000, 0x0000, 0x0000, 0x0000, 0x0000,
  0x0000, 0x0000, 0x0000, 0x0000, 0x0000, 0x0000, 0x0000, 0x0000, 0xDD68, 0xDD68, 0xDD68, 0xDD68,
  0xDD68, 0x0000, 0x0000, 0x0000, 0x0000, 0x0000, 0x0000, 0x0000, 0x0000, 0x0000, 0x0000, 0x0000,
  0x0000, 0x0000, 0xDD68, 0x0000, 0x0000, 0x0000, 0x0000, 0x0000, 0x0000, 0x0000, 0x0000, 0x0000,
  0x0000, 0x0000, 0x0000, 0x0000, 0xDD68, 0xDD68, 0xDD68, 0xDD68, 0xDD68, 0x0000, 0x0000, 0x0000,
  0x0000, 0x0000, 0x0000, 0x0000, 0x0000, 0x0000, 0x0000, 0x0000, 0x0000, 0x0000, 0x0000, 0x0000,
  0x0000, 0x0000, 0x0000, 0x0000, 0x0000, 0x0000, 0x0000, 0x0000, 0x0000, 0x0000, 0x0000, 0x0000,
  0x0000, 0x0000, 0x0000, 0x0000, 0x0000, 0x0000, 0x0000, 0x0000, 0x0000, 0x0000, 0x0000, 0x0000,
  0x0000, 0x0000, 0x0000, 0x0000, 0x0000, 0x0000, 0x0000, 0x0000, 0x0000, 0x0000, 0x0000, 0x0000,
  0x0000, 0x0000, 0x0000, 0x0000, 0x0000, 0x0000, 0x0000, 0x0000, 0x0000, 0x0000, 0x0000, 0x0000,
  0x0000, 0x0000, 0x0000, 0x0000, 0x0000, 0x0000, 0x0000, 0x0000, 0x0000, 0x0000, 0x0000, 0x0000,
  0x0000, 0x0000, 0x0000, 0x0000, 0x0000, 0x0000, 0x0000, 0x0000, 0x0000, 0x0000, 0x0000, 0x0000,
  0x0000, 0x0000, 0x0000, 0x0000, 0x0000, 0x0000, 0x0000, 0x0000, 0x0000, 0x0000, 0x0000, 0x0000,
  0x0000, 0x0000, 0x0000, 0x0000, 0x0000, 0x0000, 0x0000, 0x0000, 0x0000, 0x0000, 0x0000, 0x0000,
  0x0000, 0x0000, 0x0000, 0x0000, 0x0000, 0x0000, 0x0000, 0x0000, 0xDD68, 0xDD68, 0xDD68, 0xDD68,
  0xDD68, 0xDD68, 0x0000, 0x0000, 0x0000, 0x0000, 0x0000, 0x0000, 0x0000, 0x0000, 0x0000, 0x0000,
  0xDD68, 0xDD68, 0x0000, 0xDD68, 0xDD68, 0xDD68, 0x0000, 0xDD68, 0xDD68, 0x0000, 0x0000, 0x0000,
  0x0000, 0x0000, 0x0000, 0x0000, 0x0000, 0x0000, 0x0000, 0xDD68, 0xDD68, 0xDD68, 0xDD68, 0xDD68,
  0xDD68, 0x0000, 0x0000, 0x0000, 0x0000, 0x0000, 0x0000, 0x0000, 0x0000, 0x0000, 0x0000, 0x0000,
  0x0000, 0x0000, 0x0000, 0x0000, 0x0000, 0x0000, 0x0000, 0x0000, 0x0000, 0x0000, 0x0000, 0x0000,
  0x0000, 0x0000, 0x0000, 0x0000, 0x0000, 0x0000, 0x0000, 0x0000, 0x0000, 0x0000, 0x0000, 0x0000,
  0x0000, 0x0000, 0x0000, 0x0000, 0x0000, 0x0000, 0x0000, 0x0000, 0x0000, 0x0000, 0x0000, 0x0000,
  0x0000, 0x0000, 0x0000, 0x0000, 0x0000, 0x0000, 0x0000, 0x0000, 0x0000, 0x0000, 0x0000, 0x0000,
  0x0000, 0x0000, 0x0000, 0x0000, 0x0000, 0x0000, 0x0000, 0x0000, 0x0000, 0x0000, 0x0000, 0x0000,
  0x0000, 0x0000, 0x0000, 0x0000, 0x0000, 0x0000, 0x0000, 0x0000, 0x0000, 0x0000, 0x0000, 0x0000,
  0x0000, 0x0000, 0x0000, 0x0000, 0x0000, 0x0000, 0x0000, 0x0000, 0x0000, 0x0000, 0x0000, 0x0000,
  0x0000, 0x0000, 0x0000, 0x0000, 0x0000, 0x0000, 0x0000, 0x0000, 0x0000, 0x0000, 0x0000, 0x0000,
  0x0000, 0x0000, 0x0000, 0x0000, 0x0000, 0x0000, 0x0000, 0x0000, 0xDD68, 0xDD68, 0xDD68, 0xDD68,
  0xDD68, 0xDD68, 0xDD68, 0x0000, 0x0000, 0x0000, 0x0000, 0x0000, 0x0000, 0x0000, 0x0000, 0x0000,
  0x0000, 0x0000, 0xDD68, 0xDD68, 0x0000, 0xDD68, 0xDD68, 0xDD68, 0x0000, 0xDD68, 0xDD68, 0x0000,
  0x0000, 0x0000, 0x0000, 0x0000, 0x0000, 0x0000, 0x0000, 0x0000, 0x0000, 0x0000, 0xDD68, 0xDD68,
  0xDD68, 0xDD68, 0xDD68, 0xDD68, 0xDD68, 0x0000, 0x0000, 0x0000, 0x0000, 0x0000, 0x0000, 0x0000,
  0x0000, 0x0000, 0x0000, 0x0000, 0x0000, 0x0000, 0x0000, 0x0000, 0x0000, 0x0000, 0x0000, 0x0000,
  0x0000, 0x0000, 0x0000, 0x0000, 0x0000, 0x0000, 0x0000, 0x0000, 0x0000, 0x0000, 0x0000, 0x0000,
  0x0000, 0x0000, 0x0000, 0x0000, 0x0000, 0x0000, 0x0000, 0x0000, 0x0000, 0x0000, 0x0000, 0x0000,
  0x0000, 0x0000, 0x0000, 0x0000, 0x0000, 0x0000, 0x0000, 0x0000, 0x0000, 0x0000, 0x0000, 0x0000,
  0x0000, 0x0000, 0x0000, 0x0000, 0x0000, 0x0000, 0x0000, 0x0000, 0x0000, 0x0000, 0x0000, 0x0000,
  0x0000, 0x0000, 0x0000, 0x0000, 0x0000, 0x0000, 0x0000, 0x0000, 0x0000, 0x0000, 0x0000, 0x0000,
  0x0000, 0x0000, 0x0000, 0x0000, 0x0000, 0x0000, 0x0000, 0x0000, 0x0000, 0x0000, 0x0000, 0x0000,
  0x0000, 0x0000, 0x0000, 0x0000, 0x0000, 0x0000, 0x0000, 0x0000, 0x0000, 0x0000, 0x0000, 0x0000,
  0x0000, 0x0000, 0x0000, 0x0000, 0x0000, 0x0000, 0x0000, 0x0000, 0xDD68, 0xDD68, 0xDD68, 0xDD68,
  0xDD68, 0xDD68, 0xDD68, 0xDD68, 0x5223, 0x0000, 0x0000, 0x0000, 0x0000, 0x0000, 0x0000, 0x0000,
  0x0000, 0x0000, 0x0000, 0x0000, 0xDD68, 0xDD68, 0x0000, 0xDD68, 0xDD68, 0xDD68, 0x0000, 0xDD68,
  0xDD68, 0x0000, 0x0000, 0x0000, 0x0000, 0x0000, 0x0000, 0x0000, 0x0000, 0x0000, 0x0000, 0x0000,
  0x8345, 0xDD68, 0xDD68, 0xDD68, 0xDD68, 0xDD68, 0xDD68, 0xDD68, 0xDD68, 0x0000, 0x0000, 0x0000,
  0x0000, 0x0000, 0x0000, 0x0000, 0x0000, 0x0000, 0x0000, 0x0000, 0x0000, 0x0000, 0x0000, 0x0000,
  0x0000, 0x0000, 0x0000, 0x0000, 0x0000, 0x0000, 0x0000, 0x0000, 0x0000, 0x0000, 0x0000, 0x0000,
  0x0000, 0x0000, 0x0000, 0x0000, 0x0000, 0x0000, 0x0000, 0x0000, 0x0000, 0x0000, 0x0000, 0x0000,
  0x0000, 0x0000, 0x0000, 0x0000, 0x0000, 0x0000, 0x0000, 0x0000, 0x0000, 0x0000, 0x0000, 0x0000,
  0x0000, 0x0000, 0x0000, 0x0000, 0x0000, 0x0000, 0x0000, 0x0000, 0x0000, 0x0000, 0x0000, 0x0000,
  0x0000, 0x0000, 0x0000, 0x0000, 0x0000, 0x0000, 0x0000, 0x0000, 0x0000, 0x0000, 0x0000, 0x0000,
  0x0000, 0x0000, 0x0000, 0x0000, 0x0000, 0x0000, 0x0000, 0x0000, 0x0000, 0x0000, 0x0000, 0x0000,
  0x0000, 0x0000, 0x0000, 0x0000, 0x0000, 0x0000, 0x0000, 0x0000, 0x0000, 0x0000, 0x0000, 0x0000,
  0x0000, 0x0000, 0x0000, 0x0000, 0x0000, 0x0000, 0x0000, 0x0000, 0x0000, 0xDD68, 0xDD68, 0xDD68,
  0xDD68, 0xDD68, 0xDD68, 0xDD68, 0xDD68, 0xDD68, 0x0000, 0x0000, 0x0000, 0x0000, 0x0000, 0x0000,
  0x0000, 0x0000, 0x0000, 0x0000, 0x0000, 0x0000, 0xDD68, 0xDD68, 0x0000, 0xDD68, 0xDD68, 0xDD68,
  0x0000, 0xDD68, 0xDD68, 0x0000, 0x0000, 0x0000, 0x0000, 0x0000, 0x0000, 0x0000, 0x0000, 0x0000,
  0x0000, 0x0000, 0x0000, 0xDD68, 0xDD68, 0xDD68, 0xDD68, 0xDD68, 0xDD68, 0xDD68, 0xDD68, 0xDD68,
  0x0000, 0x0000, 0x0000, 0x0000, 0x0000, 0x0000, 0x0000, 0x0000, 0x0000, 0x0000, 0x0000, 0x0000,
  0x0000, 0x0000, 0x0000, 0x0000, 0x0000, 0x0000, 0x0000, 0x0000, 0x0000, 0x0000, 0x0000, 0x0000,
  0x0000, 0x0000, 0x0000, 0x0000, 0x0000, 0x0000, 0x0000, 0x0000, 0x0000, 0x0000, 0x0000, 0x0000,
  0x0000, 0x0000, 0x0000, 0x0000, 0x0000, 0x0000, 0x0000, 0x0000, 0x0000, 0x0000, 0x0000, 0x0000,
  0x0000, 0x0000, 0x0000, 0x0000, 0x0000, 0x0000, 0x0000, 0x0000, 0x0000, 0x0000, 0x0000, 0x0000,
  0x0000, 0x0000, 0x0000, 0x0000, 0x0000, 0x0000, 0x0000, 0x0000, 0x0000, 0x0000, 0x0000, 0x0000,
  0x0000, 0x0000, 0x0000, 0x0000, 0x0000, 0x0000, 0x0000, 0x0000, 0x0000, 0x0000, 0x0000, 0x0000,
  0x0000, 0x0000, 0x0000, 0x0000, 0x0000, 0x0000, 0x0000, 0x0000, 0x0000, 0x0000, 0x0000, 0x0000,
  0x0000, 0x0000, 0x0000, 0x0000, 0x0000, 0x0000, 0x0000, 0x0000, 0x0000, 0xDD68, 0xDD68, 0xDD68,
  0xDD68, 0xDD68, 0xDD68, 0xDD68, 0xDD68, 0xDD68, 0xDD68, 0x0000, 0x0000, 0x0000, 0x0000, 0x0000,
  0x0000, 0x0000, 0x0000, 0x0000, 0x0000, 0x0000, 0x0000, 0x0000, 0xDD68, 0xDD68, 0x0000, 0xDD68,
  0xDD68, 0xDD68, 0x0000, 0xDD68, 0xDD68, 0x0000, 0x0000, 0x0000, 0x0000, 0x0000, 0x0000, 0x0000,
  0x0000, 0x0000, 0x0000, 0x0000, 0x0000, 0x0000, 0xDD68, 0xDD68, 0xDD68, 0xDD68, 0xDD68, 0xDD68,
  0xDD68, 0xDD68, 0xDD68, 0xDD68, 0x0000, 0x0000, 0x0000, 0x0000, 0x0000, 0x0000, 0x0000, 0x0000,
  0x0000, 0x0000, 0x0000, 0x0000, 0x0000, 0x0000, 0x0000, 0x0000, 0x0000, 0x0000, 0x0000, 0x0000,
  0x0000, 0x0000, 0x0000, 0x0000, 0x0000, 0x0000, 0x0000, 0x0000, 0x0000, 0x0000, 0x0000, 0x0000,
  0x0000, 0x0000, 0x0000, 0x0000, 0x0000, 0x0000, 0x0000, 0x0000, 0x0000, 0x0000, 0x0000, 0x0000,
  0x0000, 0x0000, 0x0000, 0x0000, 0x0000, 0x0000, 0x0000, 0x0000, 0x0000, 0x0000, 0x0000, 0x0000,
  0x0000, 0x0000, 0x0000, 0x0000, 0x0000, 0x0000, 0x0000, 0x0000, 0x0000, 0x0000, 0x0000, 0x0000,
  0x0000, 0x0000, 0x0000, 0x0000, 0x0000, 0x0000, 0x0000, 0x0000, 0x0000, 0x0000, 0x0000, 0x0000,
  0x0000, 0x0000, 0x0000, 0x0000, 0x0000, 0x0000, 0x0000, 0x0000, 0x0000, 0x0000, 0x0000, 0x0000,
  0x0000, 0x0000, 0x0000, 0x0000, 0x0000, 0x0000, 0x0000, 0x0000, 0x0000, 0x0000, 0xDD68, 0xDD68,
  0xDD68, 0xDD68, 0xDD68, 0xDD68, 0xDD68, 0xDD68, 0xDD68, 0xDD68, 0x93A6, 0x0000, 0x0000, 0x0000,
  0x0000, 0x0000, 0x0000, 0x0000, 0x0000, 0x0000, 0x0000, 0x0000, 0x0000, 0x0000, 0xDD68, 0xDD68,
  0x0000, 0xDD68, 0xDD68, 0xDD68, 0x0000, 0xDD68, 0xDD68, 0x0000, 0x0000, 0x0000, 0x0000, 0x0000,
  0x0000, 0x0000, 0x0000, 0x0000, 0x0000, 0x0000, 0x0000, 0x0000, 0xC4E8, 0xDD68, 0xDD68, 0xDD68,
  0xDD68, 0xDD68, 0xDD68, 0xDD68, 0xDD68, 0xDD68, 0xDD68, 0x0000, 0x0000, 0x0000, 0x0000, 0x0000,
  0x0000, 0x0000, 0x0000, 0x0000, 0x0000, 0x0000, 0x0000, 0x0000, 0x0000, 0x0000, 0x0000, 0x0000,
  0x0000, 0x0000, 0x0000, 0x0000, 0x0000, 0x0000, 0x0000, 0x0000, 0x0000, 0x0000, 0x0000, 0x0000,
  0x0000, 0x0000, 0x0000, 0x0000, 0x0000, 0x0000, 0x0000, 0x0000, 0x0000, 0x0000, 0x0000, 0x0000,
  0x0000, 0x0000, 0x0000, 0x0000, 0x0000, 0x0000, 0x0000, 0x0000, 0x0000, 0x0000, 0x0000, 0x0000,
  0x0000, 0x0000, 0x0000, 0x0000, 0x0000, 0x0000, 0x0000, 0x0000, 0x0000, 0x0000, 0x0000, 0x0000,
  0x0000, 0x0000, 0x0000, 0x0000, 0x0000, 0x0000, 0x0000, 0x0000, 0x0000, 0x0000, 0x0000, 0x0000,
  0x0000, 0x0000, 0x0000, 0x0000, 0x0000, 0x0000, 0x0000, 0x0000, 0x0000, 0x0000, 0x0000, 0x0000,
  0x0000, 0x0000, 0x0000, 0x0000, 0x0000, 0x0000, 0x0000, 0x0000, 0x0000, 0x0000, 0x0000, 0xDD68,
  0xDD68, 0xDD68, 0xDD68, 0xDD68, 0xDD68, 0xDD68, 0xDD68, 0xDD68, 0xDD68, 0xDD68, 0x0000, 0x0000,
  0x0000, 0x0000, 0x0000, 0x0000, 0x0000, 0x0000, 0x0000, 0x0000, 0x0000, 0x0000, 0x0000, 0x0000,
  0xDD68, 0xDD68, 0x0000, 0xDD68, 0xDD68, 0xDD68, 0x0000, 0xDD68, 0xDD68, 0x0000, 0x0000, 0x0000,
  0x0000, 0x0000, 0x0000, 0x0000, 0x0000, 0x0000, 0x0000, 0x0000, 0x0000, 0x0000, 0x0000, 0xDD68,
  0xDD68, 0xDD68, 0xDD68, 0xDD68, 0xDD68, 0xDD68, 0xDD68, 0xDD68, 0xDD68, 0xDD68, 0x0000, 0x0000,
  0x0000, 0x0000, 0x0000, 0x0000, 0x0000, 0x0000, 0x0000, 0x0000, 0x0000, 0x0000, 0x0000, 0x0000,
  0x0000, 0x0000, 0x0000, 0x0000, 0x0000, 0x0000, 0x0000, 0x0000, 0x0000, 0x0000, 0x0000, 0x0000,
  0x0000, 0x0000, 0x0000, 0x0000, 0x0000, 0x0000, 0x0000, 0x0000, 0x0000, 0x0000, 0x0000, 0x0000,
  0x0000, 0x0000, 0x0000, 0x0000, 0x0000, 0x0000, 0x0000, 0x0000, 0x0000, 0x0000, 0x0000, 0x0000,
  0x0000, 0x0000, 0x0000, 0x0000, 0x0000, 0x0000, 0x0000, 0x0000, 0x0000, 0x0000, 0x0000, 0x0000,
  0x0000, 0x0000, 0x0000, 0x0000, 0x0000, 0x0000, 0x0000, 0x0000, 0x0000, 0x0000, 0x0000, 0x0000,
  0x0000, 0x0000, 0x0000, 0x0000, 0x0000, 0x0000, 0x0000, 0x0000, 0x0000, 0x0000, 0x0000, 0x0000,
  0x0000, 0xDD68, 0x0000, 0x0000, 0x0000, 0x0000, 0x0000, 0x0000, 0x0000, 0x0000, 0x0000, 0x0000,
  0xDD68, 0xDD68, 0xDD68, 0xDD68, 0xDD68, 0xDD68, 0xDD68, 0xDD68, 0xDD68, 0xDD68, 0xDD68, 0x0000,
  0x0000, 0x0000, 0x0000, 0x0000, 0x0000, 0x0000, 0x0000, 0x0000, 0x0000, 0x0000, 0x0000, 0x0000,
  0x0000, 0x0000, 0xDD68, 0xDD68, 0x0000, 0xDD68, 0xDD68, 0xDD68, 0x0000, 0xDD68, 0xDD68, 0x0000,
  0x0000, 0x0000, 0x0000, 0x0000, 0x0000, 0x0000, 0x0000, 0x0000, 0x0000, 0x0000, 0x0000, 0x0000,
  0x0000, 0x0000, 0xDD68, 0xDD68, 0xDD68, 0xDD68, 0xDD68, 0xDD68, 0xDD68, 0xDD68, 0xDD68, 0xDD68,
  0xDD68, 0x0000, 0x0000, 0x0000, 0x0000, 0x0000, 0x0000, 0x0000, 0x0000, 0x0000, 0x0000, 0xDD68,
  0x0000, 0x0000, 0x0000, 0x0000, 0x0000, 0x0000, 0x0000, 0x0000, 0x0000, 0x0000, 0x0000, 0x0000,
  0x0000, 0x0000, 0x0000, 0x0000, 0x0000, 0x0000, 0x0000, 0x0000, 0x0000, 0x0000, 0x0000, 0x0000,
  0x0000, 0x0000, 0x0000, 0x0000, 0x0000, 0x0000, 0x0000, 0x0000, 0x0000, 0x0000, 0x0000, 0x0000,
  0x0000, 0x0000, 0x0000, 0x0000, 0x0000, 0x0000, 0x0000, 0x0000, 0x0000, 0x0000, 0x0000, 0x0000,
  0x0000, 0x0000, 0x0000, 0x0000, 0x0000, 0x0000, 0x0000, 0x0000, 0x0000, 0x0000, 0x0000, 0x0000,
  0x0000, 0x0000, 0x0000, 0x0000, 0x0000, 0x0000, 0x0000, 0x0000, 0x0000, 0x0000, 0x0000, 0x0000,
  0x0000, 0x0000, 0xDD68, 0xDD68, 0x0000, 0x0000, 0x0000, 0x0000, 0x0000, 0x0000, 0x0000, 0x0000,
  0x0000, 0xDD68, 0xDD68, 0xDD68, 0xDD68, 0xDD68, 0xDD68, 0xDD68, 0xDD68, 0xDD68, 0xDD68, 0xDD68,
  0xDD68, 0x0000, 0x0000, 0x0000, 0x0000, 0x0000, 0x0000, 0x0000, 0x0000, 0x0000, 0x0000, 0x0000,
  0x0000, 0x0000, 0x0000, 0x0000, 0xDD68, 0xDD68, 0x0000, 0xDD68, 0xDD68, 0xDD68, 0x0000, 0xDD68,
  0xDD68, 0x0000, 0x0000, 0x0000, 0x0000, 0x0000, 0x0000, 0x0000, 0x0000, 0x0000, 0x0000, 0x0000,
  0x0000, 0x0000, 0x0000, 0x0000, 0xDD68, 0xDD68, 0xDD68, 0xDD68, 0xDD68, 0xDD68, 0xDD68, 0xDD68,
  0xDD68, 0xDD68, 0xDD68, 0xDD68, 0x0000, 0x0000, 0x0000, 0x0000, 0x0000, 0x0000, 0x0000, 0x0000,
  0x0000, 0xDD68, 0xDD68, 0x0000, 0x0000, 0x0000, 0x0000, 0x0000, 0x0000, 0x0000, 0x0000, 0x0000,
  0x0000, 0x0000, 0x0000, 0x0000, 0x0000, 0x0000, 0x0000, 0x0000, 0x0000, 0x0000, 0x0000, 0x0000,
  0x0000, 0x0000, 0x0000, 0x0000, 0x0000, 0x0000, 0x0000, 0x0000, 0x0000, 0x0000, 0x0000, 0x0000,
  0x0000, 0x0000, 0x0000, 0x0000, 0x0000, 0x0000, 0x0000, 0x0000, 0x0000, 0x0000, 0x0000, 0x0000,
  0x0000, 0x0000, 0x0000, 0x0000, 0x0000, 0x0000, 0x0000, 0x0000, 0x0000, 0x0000, 0x0000, 0x0000,
  0x0000, 0x0000, 0x0000, 0x0000, 0x0000, 0x0000, 0x0000, 0x0000, 0x0000, 0x0000, 0x0000, 0x0000,
  0x0000, 0x0000, 0xDD68, 0xDD68, 0xDD68, 0x0000, 0x0000, 0x0000, 0x0000, 0x0000, 0x0000, 0x0000,
  0x0000, 0x0000, 0xDD68, 0xDD68, 0xDD68, 0xDD68, 0xDD68, 0xDD68, 0xDD68, 0xDD68, 0xDD68, 0xDD68,
  0xDD68, 0xDD68, 0x0000, 0x0000, 0x0000, 0x0000, 0x0000, 0x0000, 0x0000, 0x0000, 0x0000, 0x0000,
  0x0000, 0x0000, 0x0000, 0x0000, 0x0000, 0xC4C7, 0xDD68, 0xDD68, 0x0000, 0xDD68, 0xDD68, 0xDD68,
  0x0000, 0xDD68, 0xDD68, 0x49E3, 0x0000, 0x0000, 0x0000, 0x0000, 0x0000, 0x0000, 0x0000, 0x0000,
  0x0000, 0x0000, 0x0000, 0x0000, 0x0000, 0x0000, 0x0000, 0xDD68, 0xDD68, 0xDD68, 0xDD68, 0xDD68,
  0xDD68, 0xDD68, 0xDD68, 0xDD68, 0xDD68, 0xDD68, 0xDD68, 0x0000, 0x0000, 0x0000, 0x0000, 0x0000,
  0x0000, 0x0000, 0x0000, 0x0000, 0xDD68, 0xDD68, 0xDD68, 0x0000, 0x0000, 0x0000, 0x0000, 0x0000,
  0x0000, 0x0000, 0x0000, 0x0000, 0x0000, 0x0000, 0x0000, 0x0000, 0x0000, 0x0000, 0x0000, 0x0000,
  0x0000, 0x0000, 0x0000, 0x0000, 0x0000, 0x0000, 0x0000, 0x0000, 0x0000, 0x0000, 0x0000, 0x0000,
  0x0000, 0x0000, 0x0000, 0x0000, 0x0000, 0x0000, 0x0000, 0x0000, 0x0000, 0x0000, 0x0000, 0x0000,
  0x0000, 0x0000, 0x0000, 0x0000, 0x0000, 0x0000, 0x0000, 0x0000, 0x0000, 0x0000, 0x0000, 0x0000,
  0x0000, 0x0000, 0x0000, 0x0000, 0x0000, 0x0000, 0x0000, 0x0000, 0x0000, 0x0000, 0x0000, 0x0000,
  0x0000, 0x0000, 0x0000, 0xDD68, 0xDD68, 0xDD68, 0xDD68, 0x0000, 0x0000, 0x0000, 0x0000, 0x0000,
  0x0000, 0x0000, 0x0000, 0xDD68, 0xDD68, 0xDD68, 0xDD68, 0xDD68, 0xDD68, 0xDD68, 0xDD68, 0xDD68,
  0xDD68, 0xDD68, 0xDD68, 0xDD68, 0x0000, 0x0000, 0x0000, 0x0000, 0x0000, 0x0000, 0x0000, 0x0000,
  0x0000, 0x0000, 0x0000, 0x0000, 0x0000, 0x0000, 0x0000, 0xDD68, 0xDD68, 0xDD68, 0x0000, 0xDD68,
  0xDD68, 0xDD68, 0x0000, 0xDD68, 0xDD68, 0xDD68, 0x0000, 0x0000, 0x0000, 0x0000, 0x0000, 0x0000,
  0x0000, 0x0000, 0x0000, 0x0000, 0x0000, 0x0000, 0x0000, 0x0000, 0x0000, 0xDD68, 0xDD68, 0xDD68,
  0xDD68, 0xDD68, 0xDD68, 0xDD68, 0xDD68, 0xDD68, 0xDD68, 0xDD68, 0xDD68, 0xDD68, 0x0000, 0x0000,
  0x0000, 0x0000, 0x0000, 0x0000, 0x0000, 0x0000, 0xDD68, 0xDD68, 0xDD68, 0xDD68, 0x0000, 0x0000,
  0x0000, 0x0000, 0x0000, 0x0000, 0x0000, 0x0000, 0x0000, 0x0000, 0x0000, 0x0000, 0x0000, 0x0000,
  0x0000, 0x0000, 0x0000, 0x0000, 0x0000, 0x0000, 0x0000, 0x0000, 0x0000, 0x0000, 0x0000, 0x0000,
  0x0000, 0x0000, 0x0000, 0x0000, 0x0000, 0x0000, 0x0000, 0x0000, 0x0000, 0x0000, 0x0000, 0x0000,
  0x0000, 0x0000, 0x0000, 0x0000, 0x0000, 0x0000, 0x0000, 0x0000, 0x0000, 0x0000, 0x0000, 0x0000,
  0x0000, 0x0000, 0x0000, 0x0000, 0x0000, 0x0000, 0x0000, 0x0000, 0x0000, 0x0000, 0x0000, 0x0000,
  0x0000, 0x0000, 0x0000, 0x0000, 0xDD68, 0xDD68, 0xDD68, 0xDD68, 0x0000, 0x0000, 0x0000, 0x0000,
  0x0000, 0x0000, 0x0000, 0x0000, 0xDD68, 0xDD68, 0xDD68, 0xDD68, 0xDD68, 0xDD68, 0xDD68, 0xDD68,
  0xDD68, 0xDD68, 0xDD68, 0xDD68, 0xDD68, 0x0000, 0x0000, 0x0000, 0x0000, 0x0000, 0x0000, 0x0000,
  0x0000, 0x0000, 0x0000, 0x0000, 0x0000, 0x0000, 0x0000, 0x0000, 0x0000, 0xDD68, 0xDD68, 0xC508,
  0x0000, 0xDD68, 0xDD68, 0xDD68, 0x0000, 0xDD68, 0xDD68, 0xDD68, 0x0000, 0x0000, 0x0000, 0x0000,
  0x0000, 0x0000, 0x0000, 0x0000, 0x0000, 0x0000, 0x0000, 0x0000, 0x0000, 0x0000, 0x0000, 0x0000,
  0xDD68, 0xDD68, 0xDD68, 0xDD68, 0xDD68, 0xDD68, 0xDD68, 0xDD68, 0xDD68, 0xDD68, 0xDD68, 0xDD68,
  0xDD68, 0x0000, 0x0000, 0x0000, 0x0000, 0x0000, 0x0000, 0x0000, 0x0000, 0xDD68, 0xDD68, 0xDD68,
  0xDD68, 0x0000, 0x0000, 0x0000, 0x0000, 0x0000, 0x0000, 0x0000, 0x0000, 0x0000, 0x0000, 0x0000,
  0x0000, 0x0000, 0x0000, 0x0000, 0x0000, 0x0000, 0x0000, 0x0000, 0x0000, 0x0000, 0x0000, 0x0000,
  0x0000, 0x0000, 0x0000, 0x0000, 0x0000, 0x0000, 0x0000, 0x0000, 0x0000, 0x0000, 0x0000, 0x0000,
  0x0000, 0x0000, 0x0000, 0x0000, 0x0000, 0x0000, 0x0000, 0x0000, 0x0000, 0x0000, 0x0000, 0x0000,
  0x0000, 0x0000, 0x0000, 0x0000, 0x0000, 0x0000, 0x0000, 0x0000, 0x0000, 0x0000, 0x0000, 0x0000,
  0x0000, 0x0000, 0x0000, 0x0000, 0x0000, 0xDD68, 0xDD68, 0xDD68, 0xDD68, 0xDD68, 0x0000, 0x0000,
  0x0000, 0x0000, 0x0000, 0x0000, 0x0000, 0xDD68, 0xDD68, 0xDD68, 0xDD68, 0xDD68, 0xDD68, 0xDD68,
  0xDD68, 0xDD68, 0xDD68, 0xDD68, 0xDD68, 0xDD68, 0xDD68, 0x0000, 0x0000, 0x0000, 0x0000, 0x0000,
  0x0000, 0x0000, 0x0000, 0x0000, 0x0000, 0x0000, 0x0000, 0x0000, 0x0000, 0x0000, 0x0000, 0xDD68,
  0xDD68, 0x8345, 0x0000, 0xDD68, 0xDD68, 0xDD68, 0x0000, 0xDD68, 0xDD68, 0xDD68, 0x0000, 0x0000,
  0x0000, 0x0000, 0x0000, 0x0000, 0x0000, 0x0000, 0x0000, 0x0000, 0x0000, 0x0000, 0x0000, 0x0000,
  0x0000, 0x0000, 0xDD68, 0xDD68, 0xDD68, 0xDD68, 0xDD68, 0xDD68, 0xDD68, 0xDD68, 0xDD68, 0xDD68,
  0xDD68, 0xDD68, 0xDD68, 0xDD68, 0x0000, 0x0000, 0x0000, 0x0000, 0x0000, 0x0000, 0x0000, 0xDD68,
  0xDD68, 0xDD68, 0xDD68, 0xDD68, 0x0000, 0x0000, 0x0000, 0x0000, 0x0000, 0x0000, 0x0000, 0x0000,
  0x0000, 0x0000, 0x0000, 0x0000, 0x0000, 0x0000, 0x0000, 0x0000, 0x0000, 0x0000, 0x0000, 0x0000,
  0x0000, 0x0000, 0x0000, 0x0000, 0x0000, 0x0000, 0x0000, 0x0000, 0x0000, 0x0000, 0x0000, 0x0000,
  0x0000, 0x0000, 0x0000, 0x0000, 0x0000, 0x0000, 0x0000, 0x0000, 0x0000, 0x0000, 0x0000, 0x0000,
  0x0000, 0x0000, 0x0000, 0x0000, 0x0000, 0x0000, 0x0000, 0x0000, 0x0000, 0x0000, 0x0000, 0x0000,
  0x0000, 0x0000, 0x0000, 0x0000, 0x0000, 0x0000, 0xDD68, 0xDD68, 0xDD68, 0xDD68, 0xDD68, 0x8345,
  0x0000, 0x0000, 0x0000, 0x0000, 0x0000, 0x0000, 0xDD68, 0xDD68, 0xDD68, 0xDD68, 0xDD68, 0xDD68,
  0xDD68, 0xDD68, 0xDD68, 0xDD68, 0xDD68, 0xDD68, 0xDD68, 0xDD68, 0x0000, 0x0000, 0x0000, 0x0000,
  0x0000, 0x0000, 0x0000, 0x0000, 0x0000, 0x0000, 0x0000, 0x0000, 0x0000, 0x0000, 0x0000, 0x0000,
  0x0000, 0xDD68, 0xDD68, 0x4182, 0x0000, 0xDD68, 0xDD68, 0xDD68, 0x0000, 0xA426, 0xDD68, 0xDD68,
  0x0000, 0x0000, 0x0000, 0x0000, 0x0000, 0x0000, 0x0000, 0x0000, 0x0000, 0x0000, 0x0000, 0x0000,
  0x0000, 0x0000, 0x0000, 0x0000, 0x0000, 0xDD68, 0xDD68, 0xDD68, 0xDD68, 0xDD68, 0xDD68, 0xDD68,
  0xDD68, 0xDD68, 0xDD68, 0xDD68, 0xDD68, 0xDD68, 0xDD68, 0x0000, 0x0000, 0x0000, 0x0000, 0x0000,
  0x0000, 0xBCA7, 0xDD68, 0xDD68, 0xDD68, 0xDD68, 0xDD68, 0x0000, 0x0000, 0x0000, 0x0000, 0x0000,
  0x0000, 0x0000, 0x0000, 0x0000, 0x0000, 0x0000, 0x0000, 0x0000, 0x0000, 0x0000, 0x0000, 0x0000,
  0x0000, 0x0000, 0x0000, 0x0000, 0x0000, 0x0000, 0x0000, 0x0000, 0x0000, 0x0000, 0x0000, 0x0000,
  0x0000, 0x0000, 0x0000, 0x0000, 0x0000, 0x0000, 0x0000, 0x0000, 0x0000, 0x0000, 0x0000, 0x0000,
  0x0000, 0x0000, 0x0000, 0x0000, 0x0000, 0x0000, 0x0000, 0x0000, 0x0000, 0x0000, 0x0000, 0x0000,
  0x0000, 0x0000, 0x0000, 0x0000, 0x0000, 0x0000, 0x0000, 0xDD68, 0xDD68, 0xDD68, 0xDD68, 0xDD68,
  0xDD68, 0x0000, 0x0000, 0x0000, 0x0000, 0x0000, 0x0000, 0x6A84, 0xDD68, 0xDD68, 0xDD68, 0xDD68,
  0xDD68, 0xDD68, 0xDD68, 0xDD68, 0xDD68, 0xDD68, 0xDD68, 0xDD68, 0xDD68, 0xDD68, 0x0000, 0x0000,
  0x0000, 0x0000, 0x0000, 0x0000, 0x0000, 0x0000, 0x0000, 0x0000, 0x0000, 0x0000, 0x0000, 0x0000,
  0x0000, 0x0000, 0x0000, 0xDD68, 0xDD68, 0x0000, 0x0000, 0xDD68, 0xDD68, 0xDD68, 0x0000, 0x6263,
  0xDD68, 0xDD68, 0x0000, 0x0000, 0x0000, 0x0000, 0x0000, 0x0000, 0x0000, 0x0000, 0x0000, 0x0000,
  0x0000, 0x0000, 0x0000, 0x0000, 0x0000, 0x0000, 0x0000, 0xDD68, 0xDD68, 0xDD68, 0xDD68, 0xDD68,
  0xDD68, 0xDD68, 0xDD68, 0xDD68, 0xDD68, 0xDD68, 0xDD68, 0xDD68, 0xDD68, 0x41A2, 0x0000, 0x0000,
  0x0000, 0x0000, 0x0000, 0x0000, 0xDD68, 0xDD68, 0xDD68, 0xDD68, 0xDD68, 0xDD68, 0x0000, 0x0000,
  0x0000, 0x0000, 0x0000, 0x0000, 0x0000, 0x0000, 0x0000, 0x0000, 0x0000, 0x0000, 0x0000, 0x0000,
  0x0000, 0x0000, 0x0000, 0x0000, 0x0000, 0x0000, 0x0000, 0x0000, 0x0000, 0x0000, 0x0000, 0x0000,
  0x0000, 0x0000, 0x0000, 0x0000, 0x0000, 0x0000, 0x0000, 0x0000, 0x0000, 0x0000, 0x0000, 0x0000,
  0x0000, 0x0000, 0x0000, 0x0000, 0x0000, 0x0000, 0x0000, 0x0000, 0x0000, 0x0000, 0x0000, 0x0000,
  0x0000, 0x0000, 0x0000, 0x0000, 0x0000, 0x0000, 0x0000, 0x0000, 0xDD68, 0xDD68, 0xDD68, 0xDD68,
  0xDD68, 0xDD68, 0xDD68, 0x0000, 0x0000, 0x0000, 0x0000, 0x0000, 0x0000, 0xDD68, 0xDD68, 0xDD68,
  0xDD68, 0xDD68, 0xDD68, 0xDD68, 0xDD68, 0xDD68, 0xDD68, 0xDD68, 0xDD68, 0xDD68, 0xDD68, 0x0000,
  0x0000, 0x0000, 0x0000, 0x0000, 0x0000, 0x0000, 0x0000, 0x0000, 0x0000, 0x0000, 0x0000, 0x0000,
  0x0000, 0x0000, 0x0000, 0x0000, 0x0000, 0xDD68, 0xDD68, 0x0000, 0x0000, 0xDD68, 0xDD68, 0xDD68,
  0x0000, 0x18A1, 0xDD68, 0xDD68, 0x0000, 0x0000, 0x0000, 0x0000, 0x0000, 0x0000, 0x0000, 0x0000,
  0x0000, 0x0000, 0x0000, 0x0000, 0x0000, 0x0000, 0x0000, 0x0000, 0x0000, 0x41A2, 0xDD68, 0xDD68,
  0xDD68, 0xDD68, 0xDD68, 0xDD68, 0xDD68, 0xDD68, 0xDD68, 0xDD68, 0xDD68, 0xDD68, 0xDD68, 0xDD68,
  0x0000, 0x0000, 0x0000, 0x0000, 0x0000, 0x0000, 0xDD68, 0xDD68, 0xDD68, 0xDD68, 0xDD68, 0xDD68,
  0xDD68, 0x0000, 0x0000, 0x0000, 0x0000, 0x0000, 0x0000, 0x0000, 0x0000, 0x0000, 0x0000, 0x0000,
  0x0000, 0x0000, 0x0000, 0x0000, 0x0000, 0x0000, 0x0000, 0x0000, 0x0000, 0x0000, 0x0000, 0x0000,
  0x0000, 0x0000, 0x0000, 0x0000, 0x0000, 0x0000, 0x0000, 0x0000, 0x0000, 0x0000, 0x0000, 0x0000,
  0x0000, 0x0000, 0x0000, 0x0000, 0x0000, 0x0000, 0x0000, 0x0000, 0x0000, 0x0000, 0x0000, 0x0000,
  0x0000, 0x0000, 0x0000, 0x0000, 0x0000, 0x0000, 0x0000, 0x0000, 0x0000, 0xDD68, 0xDD68, 0xDD68,
  0xDD68, 0xDD68, 0xDD68, 0xDD68, 0x0000, 0x0000, 0x0000, 0x0000, 0x0000, 0x0000, 0xDD68, 0xDD68,
  0xDD68, 0xDD68, 0xDD68, 0xDD68, 0xDD68, 0xDD68, 0xDD68, 0xDD68, 0xDD68, 0xDD68, 0xDD68, 0xDD68,
  0xDD68, 0x0000, 0x0000, 0x0000, 0x0000, 0x0000, 0x0000, 0x0000, 0x0000, 0x0000, 0x0000, 0x0000,
  0x0000, 0x0000, 0x0000, 0x0000, 0x0000, 0x0000, 0x0000, 0xDD68, 0xDD68, 0x0000, 0x0000, 0xDD68,
  0xDD68, 0xDD68, 0x0000, 0x0000, 0xDD68, 0xDD68, 0x0000, 0x0000, 0x0000, 0x0000, 0x0000, 0x0000,
  0x0000, 0x0000, 0x0000, 0x0000, 0x0000, 0x0000, 0x0000, 0x0000, 0x0000, 0x0000, 0x0000, 0x0000,
  0xDD68, 0xDD68, 0xDD68, 0xDD68, 0xDD68, 0xDD68, 0xDD68, 0xDD68, 0xDD68, 0xDD68, 0xDD68, 0xDD68,
  0xDD68, 0xDD68, 0xDD68, 0x0000, 0x0000, 0x0000, 0x0000, 0x0000, 0x0000, 0xDD68, 0xDD68, 0xDD68,
  0xDD68, 0xDD68, 0xDD68, 0xDD68, 0x0000, 0x0000, 0x0000, 0x0000, 0x0000, 0x0000, 0x0000, 0x0000,
  0x0000, 0x0000, 0x0000, 0x0000, 0x0000, 0x0000, 0x0000, 0x0000, 0x0000, 0x0000, 0x0000, 0x0000,
  0x0000, 0x0000, 0x0000, 0x0000, 0x0000, 0x0000, 0x0000, 0x0000, 0x0000, 0x0000, 0x0000, 0x0000,
  0x0000, 0x0000, 0x0000, 0x0000, 0x0000, 0x0000, 0x0000, 0x0000, 0x0000, 0x0000, 0x0000, 0x0000,
  0x0000, 0x0000, 0x0000, 0x0000, 0x0000, 0x0000, 0x0000, 0x0000, 0x0000, 0x0000, 0xD568, 0xDD68,
  0xDD68, 0xDD68, 0xDD68, 0xDD68, 0xDD68, 0xDD68, 0x0000, 0x0000, 0x0000, 0x0000, 0x0000, 0x0000,
  0xDD68, 0xDD68, 0xDD68, 0xDD68, 0xDD68, 0xDD68, 0xDD68, 0xDD68, 0xDD68, 0xDD68, 0xDD68, 0xDD68,
  0xDD68, 0xDD68, 0xDD68, 0x0000, 0x0000, 0x0000, 0x0000, 0x0000, 0x0000, 0x0000, 0x0000, 0x0000,
  0x0000, 0x0000, 0x0000, 0x0000, 0x0000, 0x0000, 0x0000, 0x0000, 0x0000, 0xDD68, 0xDD68, 0x0000,
  0x0000, 0xDD68, 0xDD68, 0xDD68, 0x0000, 0x0000, 0xDD68, 0xDD68, 0x0000, 0x0000, 0x0000, 0x0000,
  0x0000, 0x0000, 0x0000, 0x0000, 0x0000, 0x0000, 0x0000, 0x0000, 0x0000, 0x0000, 0x0000, 0x0000,
  0x0000, 0x0000, 0xDD68, 0xDD68, 0xDD68, 0xDD68, 0xDD68, 0xDD68, 0xDD68, 0xDD68, 0xDD68, 0xDD68,
  0xDD68, 0xDD68, 0xDD68, 0xDD68, 0xDD68, 0x0000, 0x0000, 0x0000, 0x0000, 0x0000, 0x0000, 0xDD68,
  0xDD68, 0xDD68, 0xDD68, 0xDD68, 0xDD68, 0xDD68, 0xA426, 0x0000, 0x0000, 0x0000, 0x0000, 0x0000,
  0x0000, 0x0000, 0x0000, 0x0000, 0x0000, 0x0000, 0x0000, 0x0000, 0x0000, 0x0000, 0x0000, 0x0000,
  0x0000, 0x0000, 0x0000, 0x0000, 0x0000, 0x0000, 0x0000, 0x0000, 0x0000, 0x0000, 0x0000, 0x0000,
  0x0000, 0x0000, 0x0000, 0x0000, 0x0000, 0x0000, 0x0000, 0x0000, 0x0000, 0x0000, 0x0000, 0x0000,
  0x0000, 0x0000, 0x0000, 0x0000, 0x0000, 0x0000, 0x0000, 0x0000, 0x0000, 0x0000, 0x0000, 0x0000,
  0xDD68, 0xDD68, 0xDD68, 0xDD68, 0xDD68, 0xDD68, 0xDD68, 0xDD68, 0x0000, 0x0000, 0x0000, 0x0000,
  0x0000, 0xDD68, 0xDD68, 0xDD68, 0xDD68, 0xDD68, 0xDD68, 0xDD68, 0xDD68, 0xDD68, 0xDD68, 0xDD68,
  0xDD68, 0xDD68, 0xDD68, 0xDD68, 0x0000, 0x0000, 0x0000, 0x0000, 0x0000, 0x0000, 0x0000, 0x0000,
  0x0000, 0x0000, 0x0000, 0x0000, 0x0000, 0x0000, 0x0000, 0x0000, 0x0000, 0x0000, 0x0000, 0xDD68,
  0xDD68, 0x0000, 0x0000, 0xDD68, 0xDD68, 0xDD68, 0x0000, 0x0000, 0xDD68, 0xDD68, 0x0000, 0x0000,
  0x0000, 0x0000, 0x0000, 0x0000, 0x0000, 0x0000, 0x0000, 0x0000, 0x0000, 0x0000, 0x0000, 0x0000,
  0x0000, 0x0000, 0x0000, 0x0000, 0x41A2, 0xDD68, 0xDD68, 0xDD68, 0xDD68, 0xDD68, 0xDD68, 0xDD68,
  0xDD68, 0xDD68, 0xDD68, 0xDD68, 0xDD68, 0xDD68, 0xDD68, 0xDD68, 0x0000, 0x0000, 0x0000, 0x0000,
  0x0000, 0xDD68, 0xDD68, 0xDD68, 0xDD68, 0xDD68, 0xDD68, 0xDD68, 0xDD68, 0x0000, 0x0000, 0x0000,
  0x0000, 0x0000, 0x0000, 0x0000, 0x0000, 0x0000, 0x0000, 0x0000, 0x0000, 0x0000, 0x0000, 0x0000,
  0x0000, 0x0000, 0x0000, 0x0000, 0x0000, 0x0000, 0x0000, 0x0000, 0x0000, 0x0000, 0x0000, 0x0000,
  0x0000, 0x0000, 0x0000, 0x0000, 0x0000, 0x0000, 0x0000, 0x0000, 0x0000, 0x0000, 0x0000, 0x0000,
  0x0000, 0x0000, 0x0000, 0x0000, 0x0000, 0x0000, 0x0000, 0x0000, 0x0000, 0x0000, 0x0000, 0x0000,
  0x0000, 0xDD68, 0xDD68, 0xDD68, 0xDD68, 0xDD68, 0xDD68, 0xDD68, 0xDD68, 0xDD68, 0x0000, 0x0000,
  0x0000, 0x0000, 0x0000, 0xDD68, 0xDD68, 0xDD68, 0xDD68, 0xDD68, 0xDD68, 0xDD68, 0xDD68, 0xDD68,
  0xDD68, 0xDD68, 0xDD68, 0xDD68, 0xDD68, 0xDD68, 0x0000, 0x0000, 0x0000, 0x0000, 0x0000, 0x0000,
  0x0000, 0x0000, 0x0000, 0x0000, 0x0000, 0x0000, 0x0000, 0x0000, 0x0000, 0x0000, 0x0000, 0x0000,
  0x0000, 0xDD68, 0xDD68, 0x0000, 0x0000, 0xDD68, 0xDD68, 0xDD68, 0x0000, 0x0000, 0xDD68, 0xDD68,
  0x0000, 0x0000, 0x0000, 0x0000, 0x0000, 0x0000, 0x0000, 0x0000, 0x0000, 0x0000, 0x0000, 0x0000,
  0x0000, 0x0000, 0x0000, 0x0000, 0x0000, 0x0000, 0x0000, 0xDD68, 0xDD68, 0xDD68, 0xDD68, 0xDD68,
  0xDD68, 0xDD68, 0xDD68, 0xDD68, 0xDD68, 0xDD68, 0xDD68, 0xDD68, 0xDD68, 0xDD68, 0x0000, 0x0000,
  0x0000, 0x0000, 0x0000, 0xDD68, 0xDD68, 0xDD68, 0xDD68, 0xDD68, 0xDD68, 0xDD68, 0xDD68, 0xDD68,
  0x0000, 0x0000, 0x0000, 0x0000, 0x0000, 0x0000, 0x0000, 0x0000, 0x0000, 0x0000, 0x0000, 0x0000,
  0x0000, 0x0000, 0x0000, 0x0000, 0x0000, 0x0000, 0x0000, 0x0000, 0x0000, 0x0000, 0x0000, 0x0000,
  0x0000, 0x0000, 0x0000, 0x0000, 0x0000, 0x0000, 0x0000, 0x0000, 0x0000, 0x0000, 0x0000, 0x0000,
  0x0000, 0x0000, 0x0000, 0x0000, 0x0000, 0x0000, 0x0000, 0x0000, 0x0000, 0x0000, 0x0000, 0x0000,
  0x0000, 0x0000, 0x20C1, 0xDD68, 0xDD68, 0xDD68, 0xDD68, 0xDD68, 0xDD68, 0xDD68, 0xDD68, 0x0000,
  0x0000, 0x0000, 0x0000, 0x0000, 0xDD68, 0xDD68, 0xDD68, 0xDD68, 0xDD68, 0xDD68, 0xDD68, 0xDD68,
  0xDD68, 0xDD68, 0xDD68, 0xDD68, 0xDD68, 0xDD68, 0xDD68, 0xDD68, 0x0000, 0x0000, 0x0000, 0x0000,
  0x0000, 0x0000, 0x0000, 0x0000, 0x0000, 0x0000, 0x0000, 0x0000, 0x0000, 0x0000, 0x0000, 0x0000,
  0x0000, 0x0000, 0x0000, 0xDD68, 0xDD68, 0x0000, 0x0000, 0xDD68, 0xDD68, 0xDD68, 0x0000, 0x0000,
  0xDD68, 0xDD68, 0x0000, 0x0000, 0x0000, 0x0000, 0x0000, 0x0000, 0x0000, 0x0000, 0x0000, 0x0000,
  0x0000, 0x0000, 0x0000, 0x0000, 0x0000, 0x0000, 0x0000, 0x0000, 0x0000, 0xDD68, 0xDD68, 0xDD68,
  0xDD68, 0xDD68, 0xDD68, 0xDD68, 0xDD68, 0xDD68, 0xDD68, 0xDD68, 0xDD68, 0xDD68, 0xDD68, 0xDD68,
  0xB487, 0x0000, 0x0000, 0x0000, 0x0000, 0x0000, 0xDD68, 0xDD68, 0xDD68, 0xDD68, 0xDD68, 0xDD68,
  0xDD68, 0xDD68, 0x0000, 0x0000, 0x0000, 0x0000, 0x0000, 0x0000, 0x0000, 0x0000, 0x0000, 0x0000,
  0x0000, 0x0000, 0x0000, 0x0000, 0x0000, 0x0000, 0x0000, 0x0000, 0x0000, 0x0000, 0x0000, 0x0000,
  0x0000, 0x0000, 0x0000, 0x0000, 0x0000, 0x0000, 0x0000, 0x0000, 0x0000, 0x0000, 0x0000, 0x0000,
  0x0000, 0x0000, 0x0000, 0x0000, 0x0000, 0x0000, 0x0000, 0x0000, 0x0000, 0x0000, 0x0000, 0x0000,
  0x0000, 0x0000, 0x0000, 0x0000, 0xDD68, 0xDD68, 0xDD68, 0xDD68, 0xDD68, 0xDD68, 0xDD68, 0xDD68,
  0xDD68, 0x0000, 0x0000, 0x0000, 0x0000, 0x0000, 0xDD68, 0xDD68, 0xDD68, 0xDD68, 0xDD68, 0xDD68,
  0xDD68, 0xDD68, 0xDD68, 0xDD68, 0xDD68, 0xDD68, 0xDD68, 0xDD68, 0xDD68, 0xDD68, 0x0000, 0x0000,
  0x0000, 0x0000, 0x0000, 0x0000, 0x0000, 0x0000, 0x0000, 0x0000, 0x0000, 0x0000, 0x0000, 0x0000,
  0x0000, 0x0000, 0x0000, 0x0000, 0x0000, 0xDD68, 0xDD68, 0x0000, 0x0000, 0xDD68, 0xDD68, 0xDD68,
  0x0000, 0x0000, 0xDD68, 0xDD68, 0x0000, 0x0000, 0x0000, 0x0000, 0x0000, 0x0000, 0x0000, 0x0000,
  0x0000, 0x0000, 0x0000, 0x0000, 0x0000, 0x0000, 0x0000, 0x0000, 0x0000, 0x0000, 0x0000, 0xDD68,
  0xDD68, 0xDD68, 0xDD68, 0xDD68, 0xDD68, 0xDD68, 0xDD68, 0xDD68, 0xDD68, 0xDD68, 0xDD68, 0xDD68,
  0xDD68, 0xDD68, 0xDD68, 0x0000, 0x0000, 0x0000, 0x0000, 0x0000, 0xDD68, 0xDD68, 0xDD68, 0xDD68,
  0xDD68, 0xDD68, 0xDD68, 0xDD68, 0xDD68, 0x0000, 0x0000, 0x0000, 0x0000, 0x0000, 0x0000, 0x0000,
  0x0000, 0x0000, 0x0000, 0x0000, 0x0000, 0x0000, 0x0000, 0x0000, 0x0000, 0x0000, 0x0000, 0x0000,
  0x0000, 0x0000, 0x0000, 0x0000, 0x0000, 0x0000, 0x0000, 0x0000, 0x0000, 0x0000, 0x0000, 0x0000,
  0x0000, 0x0000, 0x0000, 0x0000, 0x0000, 0x0000, 0x0000, 0x0000, 0x0000, 0x0000, 0x0000, 0x0000,
  0x0000, 0x0000, 0x0000, 0x0000, 0x0000, 0x5203, 0xDD68, 0xDD68, 0xDD68, 0xDD68, 0xDD68, 0xDD68,
  0xDD68, 0xDD68, 0xDD68, 0x0000, 0x0000, 0x0000, 0x0000, 0x0000, 0xDD68, 0xDD68, 0xDD68, 0xDD68,
  0xDD68, 0xDD68, 0xDD68, 0xDD68, 0xDD68, 0xDD68, 0xDD68, 0xDD68, 0xDD68, 0xDD68, 0xDD68, 0x18A1,
  0x0000, 0x0000, 0x0000, 0x0000, 0x0000, 0x0000, 0x0000, 0x0000, 0x0000, 0x0000, 0x0000, 0x0000,
  0x0000, 0x0000, 0x0000, 0x0000, 0x0000, 0x0000, 0xA426, 0xDD68, 0xDD68, 0x0000, 0x0000, 0xDD68,
  0xDD68, 0xDD68, 0x0000, 0x0000, 0xDD68, 0xDD68, 0x20C1, 0x0000, 0x0000, 0x0000, 0x0000, 0x0000,
  0x0000, 0x0000, 0x0000, 0x0000, 0x0000, 0x0000, 0x0000, 0x0000, 0x0000, 0x0000, 0x0000, 0x0000,
  0x0000, 0xBCA7, 0xDD68, 0xDD68, 0xDD68, 0xDD68, 0xDD68, 0xDD68, 0xDD68, 0xDD68, 0xDD68, 0xDD68,
  0xDD68, 0xDD68, 0xDD68, 0xDD68, 0xDD68, 0x0000, 0x0000, 0x0000, 0x0000, 0x0000, 0xDD68, 0xDD68,
  0xDD68, 0xDD68, 0xDD68, 0xDD68, 0xDD68, 0xDD68, 0xDD68, 0x0000, 0x0000, 0x0000, 0x0000, 0x0000,
  0x0000, 0x0000, 0x0000, 0x0000, 0x0000, 0x0000, 0x0000, 0x0000, 0x0000, 0x0000, 0x0000, 0x0000,
  0x0000, 0x0000, 0x0000, 0x0000, 0x0000, 0x0000, 0x0000, 0x0000, 0x0000, 0x0000, 0x0000, 0x0000,
  0x0000, 0x0000, 0x0000, 0x0000, 0x0000, 0x0000, 0x0000, 0x0000, 0x0000, 0x0000, 0x0000, 0x0000,
  0x0000, 0x0000, 0x0000, 0x0000, 0x0000, 0x0000, 0x0000, 0xDD68, 0xDD68, 0xDD68, 0xDD68, 0xDD68,
  0xDD68, 0xDD68, 0xDD68, 0xDD68, 0xDD68, 0x0000, 0x0000, 0x0000, 0x0000, 0x0000, 0xDD68, 0xDD68,
  0xDD68, 0xDD68, 0xDD68, 0xDD68, 0xDD68, 0xDD68, 0xDD68, 0xDD68, 0xDD68, 0xDD68, 0xDD68, 0xDD68,
  0xDD68, 0x0000, 0x0000, 0x0000, 0x0000, 0x0000, 0x0000, 0x0000, 0x0000, 0x0000, 0x0000, 0x0000,
  0x0000, 0x0000, 0x0000, 0x0000, 0x0000, 0x0000, 0x0000, 0x0000, 0xDD68, 0xDD68, 0xDD68, 0x0000,
  0x0000, 0xDD68, 0xDD68, 0xDD68, 0x0000, 0x0000, 0xDD68, 0xDD68, 0xDD68, 0x0000, 0x0000, 0x0000,
  0x0000, 0x0000, 0x0000, 0x0000, 0x0000, 0x0000, 0x0000, 0x0000, 0x0000, 0x0000, 0x0000, 0x0000,
  0x0000, 0x0000, 0x0000, 0x0000, 0xDD68, 0xDD68, 0xDD68, 0xDD68, 0xDD68, 0xDD68, 0xDD68, 0xDD68,
  0xDD68, 0xDD68, 0xDD68, 0xDD68, 0xDD68, 0xDD68, 0xDD68, 0x0000, 0x0000, 0x0000, 0x0000, 0x0000,
  0xDD68, 0xDD68, 0xDD68, 0xDD68, 0xDD68, 0xDD68, 0xDD68, 0xDD68, 0xDD68, 0xDD68, 0x0000, 0x0000,
  0x0000, 0x0000, 0x0000, 0x0000, 0x0000, 0x0000, 0x0000, 0x0000, 0x0000, 0x0000, 0x0000, 0x0000,
  0x0000, 0x0000, 0x0000, 0x0000, 0x0000, 0x0000, 0x0000, 0x0000, 0x0000, 0x0000, 0x0000, 0x0000,
  0x0000, 0x0000, 0x0000, 0x0000, 0x0000, 0x0000, 0x0000, 0x0000, 0x0000, 0x0000, 0x0000, 0x0000,
  0x0000, 0x0000, 0x0000, 0x0000, 0x0000, 0x0000, 0x0000, 0x0000, 0x0000, 0xDD68, 0xDD68, 0xDD68,
  0xDD68, 0xDD68, 0xDD68, 0xDD68, 0xDD68, 0xDD68, 0xDD68, 0x0000, 0x0000, 0x0000, 0x0000, 0xDD68,
  0xDD68, 0xDD68, 0xDD68, 0xDD68, 0xDD68, 0xDD68, 0xDD68, 0xDD68, 0xDD68, 0xDD68, 0xDD68, 0xDD68,
  0xDD68, 0xDD68, 0xDD68, 0x0000, 0x0000, 0x0000, 0x0000, 0x0000, 0x0000, 0x0000, 0x0000, 0x0000,
  0x0000, 0x0000, 0x0000, 0x0000, 0x0000, 0x0000, 0x0000, 0x0000, 0x0000, 0x0000, 0xDD68, 0xDD68,
  0xDD68, 0x0000, 0x0000, 0xDD68, 0xDD68, 0xDD68, 0x0000, 0x0000, 0xDD68, 0xDD68, 0xDD68, 0x0000,
  0x0000, 0x0000, 0x0000, 0x0000, 0x0000, 0x0000, 0x0000, 0x0000, 0x0000, 0x0000, 0x0000, 0x0000,
  0x0000, 0x0000, 0x0000, 0x0000, 0x0000, 0x0000, 0xDD68, 0xDD68, 0xDD68, 0xDD68, 0xDD68, 0xDD68,
  0xDD68, 0xDD68, 0xDD68, 0xDD68, 0xDD68, 0xDD68, 0xDD68, 0xDD68, 0xDD68, 0xDD68, 0x0000, 0x0000,
  0x0000, 0x0000, 0xDD68, 0xDD68, 0xDD68, 0xDD68, 0xDD68, 0xDD68, 0xDD68, 0xDD68, 0xDD68, 0xDD68,
  0x0000, 0x0000, 0x0000, 0x0000, 0x0000, 0x0000, 0x0000, 0x0000, 0x0000, 0x0000, 0x0000, 0x0000,
  0x0000, 0x0000, 0x0000, 0x0000, 0x0000, 0x0000, 0x0000, 0x0000, 0x0000, 0x0000, 0x0000, 0x0000,
  0x0000, 0x0000, 0x0000, 0x0000, 0x0000, 0x0000, 0x0000, 0x0000, 0x0000, 0x0000, 0x0000, 0x0000,
  0x0000, 0x0000, 0x0000, 0x0000, 0x0000, 0x0000, 0x0000, 0x0000, 0x0000, 0x0000, 0xDD68, 0xDD68,
  0xDD68, 0xDD68, 0xDD68, 0xDD68, 0xDD68, 0xDD68, 0xDD68, 0xDD68, 0x7B05, 0x0000, 0x0000, 0x0000,
  0x0000, 0xDD68, 0xDD68, 0xDD68, 0xDD68, 0xDD68, 0xDD68, 0xDD68, 0xDD68, 0xDD68, 0xDD68, 0xDD68,
  0xDD68, 0xDD68, 0xDD68, 0xDD68, 0xDD68, 0x0000, 0x0000, 0x0000, 0x0000, 0x0000, 0x0000, 0x0000,
  0x0000, 0x0000, 0x0000, 0x0000, 0x0000, 0x0000, 0x0000, 0x0000, 0x0000, 0x0000, 0x0000, 0x0000,
  0xDD68, 0xDD68, 0xDD68, 0x0000, 0x0000, 0xDD68, 0xDD68, 0xDD68, 0x0000, 0x0000, 0xDD68, 0xDD68,
  0xDD68, 0x0000, 0x0000, 0x0000, 0x0000, 0x0000, 0x0000, 0x0000, 0x0000, 0x0000, 0x0000, 0x0000,
  0x0000, 0x0000, 0x0000, 0x0000, 0x0000, 0x0000, 0x0000, 0x0000, 0xDD68, 0xDD68, 0xDD68, 0xDD68,
  0xDD68, 0xDD68, 0xDD68, 0xDD68, 0xDD68, 0xDD68, 0xDD68, 0xDD68, 0xDD68, 0xDD68, 0xDD68, 0xDD68,
  0x0000, 0x0000, 0x0000, 0x0000, 0xCD08, 0xDD68, 0xDD68, 0xDD68, 0xDD68, 0xDD68, 0xDD68, 0xDD68,
  0xDD68, 0xDD68, 0xDD68, 0x0000, 0x0000, 0x0000, 0x0000, 0x0000, 0x0000, 0x0000, 0x0000, 0x0000,
  0x0000, 0x0000, 0x0000, 0x0000, 0x0000, 0x0000, 0x0000, 0x0000, 0x0000, 0x0000, 0x0000, 0x0000,
  0x0000, 0x0000, 0x0000, 0x0000, 0x0000, 0x0000, 0x0000, 0x0000, 0x0000, 0x0000, 0x0000, 0x0000,
  0x0000, 0x0000, 0x0000, 0x0000, 0x0000, 0x0000, 0x0000, 0x0000, 0x0000, 0x0000, 0x0000, 0x0000,
  0xDD68, 0xDD68, 0xDD68, 0xDD68, 0xDD68, 0xDD68, 0xDD68, 0xDD68, 0xDD68, 0xDD68, 0x0000, 0x0000,
  0x0000, 0x0000, 0x0000, 0xDD68, 0xDD68, 0xDD68, 0xDD68, 0xDD68, 0xDD68, 0xDD68, 0xDD68, 0xDD68,
  0xDD68, 0xDD68, 0xDD68, 0xDD68, 0xDD68, 0xDD68, 0xDD68, 0x0000, 0x0000, 0x0000, 0x0000, 0x0000,
  0x0000, 0x0000, 0x0000, 0x0000, 0x0000, 0x0000, 0x0000, 0x0000, 0x0000, 0x0000, 0x0000, 0x0000,
  0x0000, 0x0000, 0xDD68, 0xDD68, 0xDD68, 0x0000, 0x0000, 0xDD68, 0xDD68, 0xDD68, 0x0000, 0x0000,
  0xDD68, 0xDD68, 0xDD68, 0x0000, 0x0000, 0x0000, 0x0000, 0x0000, 0x0000, 0x0000, 0x0000, 0x0000,
  0x0000, 0x0000, 0x0000, 0x0000, 0x0000, 0x0000, 0x0000, 0x0000, 0x0000, 0x0000, 0xDD68, 0xDD68,
  0xDD68, 0xDD68, 0xDD68, 0xDD68, 0xDD68, 0xDD68, 0xDD68, 0xDD68, 0xDD68, 0xDD68, 0xDD68, 0xDD68,
  0xDD68, 0xDD68, 0x0000, 0x0000, 0x0000, 0x0000, 0x0000, 0xDD68, 0xDD68, 0xDD68, 0xDD68, 0xDD68,
  0xDD68, 0xDD68, 0xDD68, 0xDD68, 0xDD68, 0x0000, 0x0000, 0x0000, 0x0000, 0x0000, 0x0000, 0x0000,
  0x0000, 0x0000, 0x0000, 0x0000, 0x0000, 0x0000, 0x0000, 0x0000, 0x0000, 0x0000, 0x0000, 0x0000,
  0x0000, 0x0000, 0x0000, 0x0000, 0x0000, 0x0000, 0x0000, 0x0000, 0x0000, 0x0000, 0x0000, 0x0000,
  0x0000, 0x0000, 0x0000, 0x0000, 0x0000, 0x0000, 0x0000, 0x0000, 0x0000, 0x0000, 0x0000, 0x0000,
  0x0000, 0x0000, 0xDD68, 0xDD68, 0xDD68, 0xDD68, 0xDD68, 0xDD68, 0xDD68, 0xDD68, 0xDD68, 0xDD68,
  0x0000, 0x0000, 0x0000, 0x0000, 0x0000, 0xDD68, 0xDD68, 0xDD68, 0xDD68, 0xDD68, 0xDD68, 0xDD68,
  0xDD68, 0xDD68, 0xDD68, 0xDD68, 0xDD68, 0xDD68, 0xDD68, 0xDD68, 0xDD68, 0x0000, 0x0000, 0x0000,
  0x0000, 0x0000, 0x0000, 0x0000, 0x0000, 0x0000, 0x0000, 0x0000, 0x0000, 0x0000, 0x0000, 0x0000,
  0x0000, 0x0000, 0x0000, 0x0000, 0xDD68, 0xDD68, 0xDD68, 0x0000, 0x0000, 0xDD68, 0xDD68, 0xDD68,
  0x0000, 0x0000, 0xDD68, 0xDD68, 0xDD68, 0x0000, 0x0000, 0x0000, 0x0000, 0x0000, 0x0000, 0x0000,
  0x0000, 0x0000, 0x0000, 0x0000, 0x0000, 0x0000, 0x0000, 0x0000, 0x0000, 0x0000, 0x0000, 0x0000,
  0xDD68, 0xDD68, 0xDD68, 0xDD68, 0xDD68, 0xDD68, 0xDD68, 0xDD68, 0xDD68, 0xDD68, 0xDD68, 0xDD68,
  0xDD68, 0xDD68, 0xDD68, 0xDD68, 0x0000, 0x0000, 0x0000, 0x0000, 0x0000, 0xDD68, 0xDD68, 0xDD68,
  0xDD68, 0xDD68, 0xDD68, 0xDD68, 0xDD68, 0xDD68, 0xDD68, 0x0000, 0x0000, 0x0000, 0x0000, 0x0000,
  0x0000, 0x0000, 0x0000, 0x0000, 0x0000, 0x0000, 0x0000, 0x0000, 0x0000, 0x0000, 0x0000, 0x0000,
  0x0000, 0x0000, 0x0000, 0x0000, 0x0000, 0x0000, 0x0000, 0x0000, 0x0000, 0x0000, 0x0000, 0x0000,
  0x0000, 0x0000, 0x0000, 0x0000, 0x0000, 0x0000, 0x0000, 0x0000, 0x0000, 0xDD68, 0x0000, 0x0000,
  0x0000, 0x0000, 0x0000, 0x0000, 0xDD68, 0xDD68, 0xDD68, 0xDD68, 0xDD68, 0xDD68, 0xDD68, 0xDD68,
  0xDD68, 0xDD68, 0x0000, 0x0000, 0x0000, 0x0000, 0x0000, 0xDD68, 0xDD68, 0xDD68, 0xDD68, 0xDD68,
  0xDD68, 0xDD68, 0xDD68, 0xDD68, 0xDD68, 0xDD68, 0xDD68, 0xDD68, 0xDD68, 0xDD68, 0xDD68, 0x0000,
  0x0000, 0x0000, 0x0000, 0x0000, 0x0000, 0x0000, 0x0000, 0x0000, 0x0000, 0x0000, 0x0000, 0x0000,
  0x0000, 0x0000, 0x0000, 0x0000, 0x0000, 0x0000, 0xDD68, 0xDD68, 0xDD68, 0x0000, 0x0000, 0xDD68,
  0xDD68, 0xDD68, 0x0000, 0x0000, 0xDD68, 0xDD68, 0xDD68, 0x0000, 0x0000, 0x0000, 0x0000, 0x0000,
  0x0000, 0x0000, 0x0000, 0x0000, 0x0000, 0x0000, 0x0000, 0x0000, 0x0000, 0x0000, 0x0000, 0x0000,
  0x0000, 0x0000, 0xDD68, 0xDD68, 0xDD68, 0xDD68, 0xDD68, 0xDD68, 0xDD68, 0xDD68, 0xDD68, 0xDD68,
  0xDD68, 0xDD68, 0xDD68, 0xDD68, 0xDD68, 0xDD68, 0x0000, 0x0000, 0x0000, 0x0000, 0x0000, 0xDD68,
  0xDD68, 0xDD68, 0xDD68, 0xDD68, 0xDD68, 0xDD68, 0xDD68, 0xDD68, 0xDD68, 0x0000, 0x0000, 0x0000,
  0x0000, 0x0000, 0x0000, 0xDD68, 0x0000, 0x0000, 0x0000, 0x0000, 0x0000, 0x0000, 0x0000, 0x0000,
  0x0000, 0x0000, 0x0000, 0x0000, 0x0000, 0x0000, 0x0000, 0x0000, 0x0000, 0x0000, 0x0000, 0x0000,
  0x0000, 0x0000, 0x0000, 0x0000, 0x0000, 0x0000, 0x0000, 0x0000, 0x0000, 0x0000, 0xDD68, 0xDD68,
  0x0000, 0x0000, 0x0000, 0x0000, 0x0000, 0xDD68, 0xDD68, 0xDD68, 0xDD68, 0xDD68, 0xDD68, 0xDD68,
  0xDD68, 0xDD68, 0xDD68, 0xDD68, 0x0000, 0x0000, 0x0000, 0x0000, 0x0000, 0xDD68, 0xDD68, 0xDD68,
  0xDD68, 0xDD68, 0xDD68, 0xDD68, 0xDD68, 0xDD68, 0xDD68, 0xDD68, 0xDD68, 0xDD68, 0xDD68, 0xDD68,
  0xDD68, 0x0000, 0x0000, 0x0000, 0x0000, 0x0000, 0x0000, 0x0000, 0x0000, 0x0000, 0x0000, 0x0000,
  0x0000, 0x0000, 0x0000, 0x0000, 0x0000, 0x0000, 0x0000, 0x0000, 0xDD68, 0xDD68, 0xDD68, 0x0000,
  0x0000, 0xDD68, 0xDD68, 0xDD68, 0x0000, 0x0000, 0xDD68, 0xDD68, 0xDD68, 0x0000, 0x0000, 0x0000,
  0x0000, 0x0000, 0x0000, 0x0000, 0x0000, 0x0000, 0x0000, 0x0000, 0x0000, 0x0000, 0x0000, 0x0000,
  0x0000, 0x0000, 0x0000, 0x0000, 0xDD68, 0xDD68, 0xDD68, 0xDD68, 0xDD68, 0xDD68, 0xDD68, 0xDD68,
  0xDD68, 0xDD68, 0xDD68, 0xDD68, 0xDD68, 0xDD68, 0xDD68, 0xDD68, 0x0000, 0x0000, 0x0000, 0x0000,
  0x0000, 0xDD68, 0xDD68, 0xDD68, 0xDD68, 0xDD68, 0xDD68, 0xDD68, 0xDD68, 0xDD68, 0xDD68, 0xDD68,
  0x0000, 0x0000, 0x0000, 0x0000, 0x0000, 0xDD68, 0xDD68, 0x0000, 0x0000, 0x0000, 0x0000, 0x0000,
  0x0000, 0x0000, 0x0000, 0x0000, 0x0000, 0x0000, 0x0000, 0x0000, 0x0000, 0x0000, 0x0000, 0x0000,
  0x0000, 0x0000, 0x0000, 0x0000, 0x0000, 0x0000, 0x0000, 0x0000, 0x0000, 0x0000, 0x0000, 0x0000,
  0xDD68, 0xDD68, 0x0000, 0x0000, 0x0000, 0x0000, 0x0000, 0xDD68, 0xDD68, 0xDD68, 0xDD68, 0xDD68,
  0xDD68, 0xDD68, 0xDD68, 0xDD68, 0xDD68, 0xDD68, 0x0000, 0x0000, 0x0000, 0x0000, 0x0000, 0xDD68,
  0xDD68, 0xDD68, 0xDD68, 0xDD68, 0xDD68, 0xDD68, 0xDD68, 0xDD68, 0xDD68, 0xDD68, 0xDD68, 0xDD68,
  0xDD68, 0xDD68, 0xDD68, 0x0000, 0x0000, 0x0000, 0x0000, 0x0000, 0x0000, 0x0000, 0x0000, 0x0000,
  0x0000, 0x0000, 0x0000, 0x0000, 0x0000, 0x0000, 0x0000, 0x0000, 0x0000, 0x0000, 0xDD68, 0xDD68,
  0xDD68, 0x0000, 0x0000, 0xDD68, 0xDD68, 0xDD68, 0x0000, 0x0000, 0xDD68, 0xDD68, 0xDD68, 0x0000,
  0x0000, 0x0000, 0x0000, 0x0000, 0x0000, 0x0000, 0x0000, 0x0000, 0x0000, 0x0000, 0x0000, 0x0000,
  0x0000, 0x0000, 0x0000, 0x0000, 0x0000, 0x0000, 0xDD68, 0xDD68, 0xDD68, 0xDD68, 0xDD68, 0xDD68,
  0xDD68, 0xDD68, 0xDD68, 0xDD68, 0xDD68, 0xDD68, 0xDD68, 0xDD68, 0xDD68, 0xDD68, 0x0000, 0x0000,
  0x0000, 0x0000, 0x0000, 0xDD68, 0xDD68, 0xDD68, 0xDD68, 0xDD68, 0xDD68, 0xDD68, 0xDD68, 0xDD68,
  0xDD68, 0xDD68, 0x0000, 0x0000, 0x0000, 0x0000, 0x0000, 0xDD68, 0xDD68, 0x0000, 0x0000, 0x0000,
  0x0000, 0x0000, 0x0000, 0x0000, 0x0000, 0x0000, 0x0000, 0x0000, 0x0000, 0x0000, 0x0000, 0x0000,
  0x0000, 0x0000, 0x0000, 0x0000, 0x0000, 0x0000, 0x0000, 0x0000, 0x0000, 0x0000, 0x0000, 0x0000,
  0x0000, 0xDD68, 0xDD68, 0xDD68, 0x0000, 0x0000, 0x0000, 0x0000, 0x0000, 0xDD68, 0xDD68, 0xDD68,
  0xDD68, 0xDD68, 0xDD68, 0xDD68, 0xDD68, 0xDD68, 0xDD68, 0xDD68, 0x0000, 0x0000, 0x0000, 0x0000,
  0x0000, 0xDD68, 0xDD68, 0xDD68, 0xDD68, 0xDD68, 0xDD68, 0xDD68, 0xDD68, 0xDD68, 0xDD68, 0xDD68,
  0xDD68, 0xDD68, 0xDD68, 0xDD68, 0xDD68, 0x0000, 0x0000, 0x0000, 0x0000, 0x0000, 0x0000, 0x0000,
  0x0000, 0x0000, 0x0000, 0x0000, 0x0000, 0x0000, 0x0000, 0x0000, 0x0000, 0x0000, 0x0000, 0x0000,
  0xDD68, 0xDD68, 0xDD68, 0x0000, 0x0000, 0xDD68, 0xDD68, 0xDD68, 0x0000, 0x0000, 0xDD68, 0xDD68,
  0xDD68, 0x0000, 0x0000, 0x0000, 0x0000, 0x0000, 0x0000, 0x0000, 0x0000, 0x0000, 0x0000, 0x0000,
  0x0000, 0x0000, 0x0000, 0x0000, 0x0000, 0x0000, 0x0000, 0x0000, 0xDD68, 0xDD68, 0xDD68, 0xDD68,
  0xDD68, 0xDD68, 0xDD68, 0xDD68, 0xDD68, 0xDD68, 0xDD68, 0xDD68, 0xDD68, 0xDD68, 0xDD68, 0xDD68,
  0x0000, 0x0000, 0x0000, 0x0000, 0x0000, 0xDD68, 0xDD68, 0xDD68, 0xDD68, 0xDD68, 0xDD68, 0xDD68,
  0xDD68, 0xDD68, 0xDD68, 0xDD68, 0x0000, 0x0000, 0x0000, 0x0000, 0x0000, 0xDD68, 0xDD68, 0xDD68,
  0x0000, 0x0000, 0x0000, 0x0000, 0x0000, 0x0000, 0x0000, 0x0000, 0x0000, 0x0000, 0x0000, 0x0000,
  0x0000, 0x0000, 0x0000, 0x0000, 0x0000, 0x0000, 0x0000, 0x0000, 0x0000, 0x0000, 0x0000, 0x0000,
  0x0000, 0x0000, 0xDD68, 0xDD68, 0xDD68, 0xDD68, 0x0000, 0x0000, 0x0000, 0x0000, 0x0000, 0xDD68,
  0xDD68, 0xDD68, 0xDD68, 0xDD68, 0xDD68, 0xDD68, 0xDD68, 0xDD68, 0xDD68, 0xDD68, 0x72E4, 0x0000,
  0x0000, 0x0000, 0x0000, 0xDD68, 0xDD68, 0xDD68, 0xDD68, 0xDD68, 0xDD68, 0xDD68, 0xDD68, 0xDD68,
  0xDD68, 0xDD68, 0xDD68, 0xDD68, 0xDD68, 0xDD68, 0xDD68, 0x0000, 0x0000, 0x0000, 0x0000, 0x0000,
  0x0000, 0x0000, 0x0000, 0x0000, 0x0000, 0x0000, 0x0000, 0x0000, 0x0000, 0x0000, 0x0000, 0x0000,
  0x0000, 0x0000, 0xDD68, 0xDD68, 0xDD68, 0x0000, 0x0000, 0xDD68, 0xDD68, 0xDD68, 0x0000, 0x0000,
  0xDD68, 0xDD68, 0xDD68, 0x0000, 0x0000, 0x0000, 0x0000, 0x0000, 0x0000, 0x0000, 0x0000, 0x0000,
  0x0000, 0x0000, 0x0000, 0x0000, 0x0000, 0x0000, 0x0000, 0x0000, 0x0000, 0x0000, 0xDD68, 0xDD68,
  0xDD68, 0xDD68, 0xDD68, 0xDD68, 0xDD68, 0xDD68, 0xDD68, 0xDD68, 0xDD68, 0xDD68, 0xDD68, 0xDD68,
  0xDD68, 0xDD68, 0x0000, 0x0000, 0x0000, 0x0000, 0xA426, 0xDD68, 0xDD68, 0xDD68, 0xDD68, 0xDD68,
  0xDD68, 0xDD68, 0xDD68, 0xDD68, 0xDD68, 0xDD68, 0x0000, 0x0000, 0x0000, 0x0000, 0x0000, 0xDD68,
  0xDD68, 0xDD68, 0xDD68, 0x0000, 0x0000, 0x0000, 0x0000, 0x0000, 0x0000, 0x0000, 0x0000, 0x0000,
  0x0000, 0x0000, 0x0000, 0x0000, 0x0000, 0x0000, 0x0000, 0x0000, 0x0000, 0x0000, 0x0000, 0x0000,
  0x0000, 0x0000, 0x0000, 0x0000, 0xDD68, 0xDD68, 0xDD68, 0xDD68, 0x0000, 0x0000, 0x0000, 0x0000,
  0x0000, 0xDD68, 0xDD68, 0xDD68, 0xDD68, 0xDD68, 0xDD68, 0xDD68, 0xDD68, 0xDD68, 0xDD68, 0xDD68,
  0xDD68, 0x0000, 0x0000, 0x0000, 0x0000, 0xDD68, 0xDD68, 0xDD68, 0xDD68, 0xDD68, 0xDD68, 0xDD68,
  0xDD68, 0xDD68, 0xDD68, 0xDD68, 0xDD68, 0xDD68, 0xDD68, 0xDD68, 0xDD68, 0x0000, 0x0000, 0x0000,
  0x0000, 0x0000, 0x0000, 0x0000, 0x0000, 0x0000, 0x0000, 0x0000, 0x0000, 0x0000, 0x0000, 0x0000,
  0x0000, 0x0000, 0x0000, 0x0000, 0xDD68, 0xDD68, 0xDD68, 0x0000, 0x2921, 0xDD68, 0xDD68, 0xDD68,
  0x3982, 0x0000, 0xDD68, 0xDD68, 0xDD68, 0x0000, 0x0000, 0x0000, 0x0000, 0x0000, 0x0000, 0x0000,
  0x0000, 0x0000, 0x0000, 0x0000, 0x0000, 0x0000, 0x0000, 0x0000, 0x0000, 0x0000, 0x0000, 0x0000,
  0xDD68, 0xDD68, 0xDD68, 0xDD68, 0xDD68, 0xDD68, 0xDD68, 0xDD68, 0xDD68, 0xDD68, 0xDD68, 0xDD68,
  0xDD68, 0xDD68, 0xDD68, 0xDD68, 0x0000, 0x0000, 0x0000, 0x0000, 0xDD68, 0xDD68, 0xDD68, 0xDD68,
  0xDD68, 0xDD68, 0xDD68, 0xDD68, 0xDD68, 0xDD68, 0xDD68, 0xDD68, 0x0000, 0x0000, 0x0000, 0x0000,
  0x0000, 0xDD68, 0xDD68, 0xDD68, 0xDD68, 0x0000, 0x0000, 0x0000, 0x0000, 0x0000, 0x0000, 0x0000,
  0x0000, 0x0000, 0x0000, 0x0000, 0x0000, 0x0000, 0x0000, 0x0000, 0x0000, 0x0000, 0x0000, 0x0000,
  0x0000, 0x0000, 0x0000, 0x0000, 0x0000, 0xDD68, 0xDD68, 0xDD68, 0xDD68, 0xDD68, 0x0000, 0x0000,
  0x0000, 0x0000, 0x0000, 0xDD68, 0xDD68, 0xDD68, 0xDD68, 0xDD68, 0xDD68, 0xDD68, 0xDD68, 0xDD68,
  0xDD68, 0xDD68, 0xDD68, 0x0000, 0x0000, 0x0000, 0x0000, 0x0000, 0xDD68, 0xDD68, 0xDD68, 0xDD68,
  0xDD68, 0xDD68, 0xDD68, 0xDD68, 0xDD68, 0xDD68, 0xDD68, 0xDD68, 0xDD68, 0xDD68, 0xDD68, 0x0000,
  0x0000, 0x0000, 0x0000, 0x0000, 0x0000, 0x0000, 0x0000, 0x0000, 0x0000, 0x0000, 0x0000, 0x0000,
  0x0000, 0x0000, 0x0000, 0x0000, 0x0000, 0x0000, 0xDD68, 0xDD68, 0xDD68, 0x0000, 0x72C4, 0xDD68,
  0xDD68, 0xDD68, 0x8325, 0x0000, 0xDD68, 0xDD68, 0xDD68, 0x0000, 0x0000, 0x0000, 0x0000, 0x0000,
  0x0000, 0x0000, 0x0000, 0x0000, 0x0000, 0x0000, 0x0000, 0x0000, 0x0000, 0x0000, 0x0000, 0x0000,
  0x0000, 0xC508, 0xDD68, 0xDD68, 0xDD68, 0xDD68, 0xDD68, 0xDD68, 0xDD68, 0xDD68, 0xDD68, 0xDD68,
  0xDD68, 0xDD68, 0xDD68, 0xDD68, 0xDD68, 0x0000, 0x0000, 0x0000, 0x0000, 0x0000, 0xDD68, 0xDD68,
  0xDD68, 0xDD68, 0xDD68, 0xDD68, 0xDD68, 0xDD68, 0xDD68, 0xDD68, 0xDD68, 0xDD68, 0x0000, 0x0000,
  0x0000, 0x0000, 0x0000, 0xDD68, 0xDD68, 0xDD68, 0xDD68, 0xDD68, 0x0000, 0x0000, 0x0000, 0x0000,
  0x0000, 0x0000, 0x0000, 0x0000, 0x0000, 0x0000, 0x0000, 0x0000, 0x0000, 0x0000, 0x0000, 0x0000,
  0x0000, 0x0000, 0x0000, 0x0000, 0x0000, 0x0000, 0x0000, 0xDD68, 0xDD68, 0xDD68, 0xDD68, 0xDD68,
  0x0000, 0x0000, 0x0000, 0x0000, 0x0000, 0xDD68, 0xDD68, 0xDD68, 0xDD68, 0xDD68, 0xDD68, 0xDD68,
  0xDD68, 0xDD68, 0xDD68, 0xDD68, 0xDD68, 0x0000, 0x0000, 0x0000, 0x0000, 0x0000, 0xDD68, 0xDD68,
  0xDD68, 0xDD68, 0xDD68, 0xDD68, 0xDD68, 0xDD68, 0xDD68, 0xDD68, 0xDD68, 0xDD68, 0xDD68, 0xDD68,
  0xDD68, 0xDD68, 0x0000, 0x0000, 0x0000, 0x0000, 0x0000, 0x0000, 0x0000, 0x0000, 0x0000, 0x0000,
  0x0000, 0x0000, 0x0000, 0x0000, 0x0000, 0x0000, 0x0000, 0x0000, 0xDD68, 0xDD68, 0xDD68, 0x0000,
  0xB487, 0xDD68, 0xDD68, 0xDD68, 0xC4E8, 0x0000, 0xDD68, 0xDD68, 0xDD68, 0x0000, 0x0000, 0x0000,
  0x0000, 0x0000, 0x0000, 0x0000, 0x0000, 0x0000, 0x0000, 0x0000, 0x0000, 0x0000, 0x0000, 0x0000,
  0x0000, 0x0000, 0x0000, 0xDD68, 0xDD68, 0xDD68, 0xDD68, 0xDD68, 0xDD68, 0xDD68, 0xDD68, 0xDD68,
  0xDD68, 0xDD68, 0xDD68, 0xDD68, 0xDD68, 0xDD68, 0xDD68, 0x0000, 0x0000, 0x0000, 0x0000, 0x0000,
  0xDD68, 0xDD68, 0xDD68, 0xDD68, 0xDD68, 0xDD68, 0xDD68, 0xDD68, 0xDD68, 0xDD68, 0xDD68, 0xDD68,
  0x0000, 0x0000, 0x0000, 0x0000, 0x0000, 0xDD68, 0xDD68, 0xDD68, 0xDD68, 0xDD68, 0x0000, 0x0000,
  0x0000, 0x0000, 0x0000, 0x0000, 0x0000, 0x0000, 0x0000, 0x0000, 0x0000, 0x0000, 0x0000, 0x0000,
  0x0000, 0x0000, 0x0000, 0x0000, 0x0000, 0x0000, 0x0000, 0x0000, 0xDD68, 0xDD68, 0xDD68, 0xDD68,
  0xDD68, 0xDD68, 0xDD68, 0x0000, 0x0000, 0x0000, 0x0000, 0x0000, 0xDD68, 0xDD68, 0xDD68, 0xDD68,
  0xDD68, 0xDD68, 0xDD68, 0xDD68, 0xDD68, 0xDD68, 0xDD68, 0x0000, 0x0000, 0x0000, 0x0000, 0x0000,
  0xDD68, 0xDD68, 0xDD68, 0xDD68, 0xDD68, 0xDD68, 0xDD68, 0xDD68, 0xDD68, 0xDD68, 0xDD68, 0xDD68,
  0xDD68, 0xDD68, 0xDD68, 0xDD68, 0x0000, 0x0000, 0x0000, 0x0000, 0x0000, 0x0000, 0x0000, 0x0000,
  0x0000, 0x0000, 0x0000, 0x0000, 0x0000, 0x0000, 0x0000, 0x0000, 0x0000, 0x0000, 0xDD68, 0xDD68,
  0xDD68, 0x0000, 0xDD68, 0xDD68, 0xDD68, 0xDD68, 0xDD68, 0x0000, 0xDD68, 0xDD68, 0xDD68, 0x0000,
  0x0000, 0x0000, 0x0000, 0x0000, 0x0000, 0x0000, 0x0000, 0x0000, 0x0000, 0x0000, 0x0000, 0x0000,
  0x0000, 0x0000, 0x0000, 0x0000, 0x0000, 0xDD68, 0xDD68, 0xDD68, 0xDD68, 0xDD68, 0xDD68, 0xDD68,
  0xDD68, 0xDD68, 0xDD68, 0xDD68, 0xDD68, 0xDD68, 0xDD68, 0xDD68, 0xDD68, 0x0000, 0x0000, 0x0000,
  0x0000, 0x0000, 0xDD68, 0xDD68, 0xDD68, 0xDD68, 0xDD68, 0xDD68, 0xDD68, 0xDD68, 0xDD68, 0xDD68,
  0xDD68, 0x0000, 0x0000, 0x0000, 0x0000, 0x0000, 0xDD68, 0xDD68, 0xDD68, 0xDD68, 0xDD68, 0xDD68,
  0xDD68, 0x0000, 0x0000, 0x0000, 0x0000, 0x0000, 0x0000, 0x0000, 0x0000, 0x0000, 0x0000, 0x0000,
  0x0000, 0x0000, 0x0000, 0x0000, 0x0000, 0x0000, 0x0000, 0x0000, 0x0000, 0x0000, 0xDD68, 0xDD68,
  0xDD68, 0xDD68, 0xDD68, 0xDD68, 0xDD68, 0x0000, 0x0000, 0x0000, 0x0000, 0x0000, 0xDD68, 0xDD68,
  0xDD68, 0xDD68, 0xDD68, 0xDD68, 0xDD68, 0xDD68, 0xDD68, 0xDD68, 0xDD68, 0xDD68, 0x0000, 0x0000,
  0x0000, 0x0000, 0xDD68, 0xDD68, 0xDD68, 0xDD68, 0xDD68, 0xDD68, 0xDD68, 0xDD68, 0xDD68, 0xDD68,
  0xDD68, 0xDD68, 0xDD68, 0xDD68, 0xDD68, 0xDD68, 0x0000, 0x0000, 0x0000, 0x0000, 0x0000, 0x0000,
  0x0000, 0x0000, 0x0000, 0x0000, 0x0000, 0x0000, 0x0000, 0x0000, 0x0000, 0x0000, 0x0000, 0x9C06,
  0xDD68, 0xDD68, 0xDD68, 0x0000, 0xDD68, 0xDD68, 0xDD68, 0xDD68, 0xDD68, 0x0000, 0xDD68, 0xDD68,
  0xDD68, 0x0000, 0x0000, 0x0000, 0x0000, 0x0000, 0x0000, 0x0000, 0x0000, 0x0000, 0x0000, 0x0000,
  0x0000, 0x0000, 0x0000, 0x0000, 0x0000, 0x0000, 0x0000, 0xDD68, 0xDD68, 0xDD68, 0xDD68, 0xDD68,
  0xDD68, 0xDD68, 0xDD68, 0xDD68, 0xDD68, 0xDD68, 0xDD68, 0xDD68, 0xDD68, 0xDD68, 0xDD68, 0x0000,
  0x0000, 0x0000, 0x0000, 0xDD68, 0xDD68, 0xDD68, 0xDD68, 0xDD68, 0xDD68, 0xDD68, 0xDD68, 0xDD68,
  0xDD68, 0xDD68, 0xDD68, 0x0000, 0x0000, 0x0000, 0x0000, 0x0000, 0xDD68, 0xDD68, 0xDD68, 0xDD68,
  0xDD68, 0xDD68, 0xDD68, 0x0000, 0x0000, 0x0000, 0x0000, 0x0000, 0x0000, 0x0000, 0x0000, 0x0000,
  0x0000, 0x0000, 0x0000, 0x0000, 0x0000, 0x0000, 0x0000, 0x0000, 0x0000, 0x0000, 0x0000, 0x0000,
  0xDD68, 0xDD68, 0xDD68, 0xDD68, 0xDD68, 0xDD68, 0xDD68, 0x0000, 0x0000, 0x0000, 0x0000, 0x0000,
  0xDD68, 0xDD68, 0xDD68, 0xDD68, 0xDD68, 0xDD68, 0xDD68, 0xDD68, 0xDD68, 0xDD68, 0xDD68, 0xDD68,
  0x0000, 0x0000, 0x0000, 0x0000, 0x0000, 0xDD68, 0xDD68, 0xDD68, 0xDD68, 0xDD68, 0xDD68, 0xDD68,
  0xDD68, 0xDD68, 0xDD68, 0xDD68, 0xDD68, 0xDD68, 0xDD68, 0xDD68, 0x6284, 0x0000, 0x0000, 0x0000,
  0x0000, 0x0000, 0x0000, 0x0000, 0x0000, 0x0000, 0x0000, 0x0000, 0x0000, 0x0000, 0x0000, 0x0000,
  0x0000, 0xDD68, 0xDD68, 0xDD68, 0xDD68, 0x0000, 0xDD68, 0xDD68, 0xDD68, 0xDD68, 0xDD68, 0x0000,
  0xDD68, 0xDD68, 0xDD68, 0xA426, 0x0000, 0x0000, 0x0000, 0x0000, 0x0000, 0x0000, 0x0000, 0x0000,
  0x0000, 0x0000, 0x0000, 0x0000, 0x0000, 0x0000, 0x0000, 0x0000, 0xDD68, 0xDD68, 0xDD68, 0xDD68,
  0xDD68, 0xDD68, 0xDD68, 0xDD68, 0xDD68, 0xDD68, 0xDD68, 0xDD68, 0xDD68, 0xDD68, 0xDD68, 0xDD68,
  0x0000, 0x0000, 0x0000, 0x0000, 0x0000, 0xDD68, 0xDD68, 0xDD68, 0xDD68, 0xDD68, 0xDD68, 0xDD68,
  0xDD68, 0xDD68, 0xDD68, 0xDD68, 0xDD68, 0x0000, 0x0000, 0x0000, 0x0000, 0x0000, 0xDD68, 0xDD68,
  0xDD68, 0xDD68, 0xDD68, 0xDD68, 0xDD68, 0x0000, 0x0000, 0x0000, 0x0000, 0x0000, 0x0000, 0x0000,
  0x0000, 0x0000, 0x0000, 0x0000, 0x0000, 0x0000, 0x0000, 0x0000, 0x0000, 0x0000, 0x0000, 0x0000,
  0x0000, 0xDD68, 0xDD68, 0xDD68, 0xDD68, 0xDD68, 0xDD68, 0xDD68, 0xDD68, 0x0000, 0x0000, 0x0000,
  0x0000, 0x0000, 0x3142, 0xDD68, 0xDD68, 0xDD68, 0xDD68, 0xDD68, 0xDD68, 0xDD68, 0xDD68, 0xDD68,
  0xDD68, 0xDD68, 0x0000, 0x0000, 0x0000, 0x0000, 0x0000, 0xDD68, 0xDD68, 0xDD68, 0xDD68, 0xDD68,
  0xDD68, 0xDD68, 0xDD68, 0xDD68, 0xDD68, 0xDD68, 0xDD68, 0xDD68, 0xDD68, 0xDD68, 0xDD68, 0x0000,
  0x0000, 0x0000, 0x0000, 0x0000, 0x0000, 0x0000, 0x0000, 0x0000, 0x0000, 0x0000, 0x0000, 0x0000,
  0x0000, 0x0000, 0x0000, 0xDD68, 0xDD68, 0xDD68, 0xDD68, 0x0000, 0xDD68, 0xDD68, 0xDD68, 0xDD68,
  0xDD68, 0x0000, 0xDD68, 0xDD68, 0xDD68, 0xDD68, 0x0000, 0x0000, 0x0000, 0x0000, 0x0000, 0x0000,
  0x0000, 0x0000, 0x0000, 0x0000, 0x0000, 0x0000, 0x0000, 0x0000, 0x0000, 0x0000, 0xDD68, 0xDD68,
  0xDD68, 0xDD68, 0xDD68, 0xDD68, 0xDD68, 0xDD68, 0xDD68, 0xDD68, 0xDD68, 0xDD68, 0xDD68, 0xDD68,
  0xDD68, 0xDD68, 0x0000, 0x0000, 0x0000, 0x0000, 0x0000, 0xDD68, 0xDD68, 0xDD68, 0xDD68, 0xDD68,
  0xDD68, 0xDD68, 0xDD68, 0xDD68, 0xDD68, 0xDD68, 0x0000, 0x0000, 0x0000, 0x0000, 0x0000, 0x0000,
  0xDD68, 0xDD68, 0xDD68, 0xDD68, 0xDD68, 0xDD68, 0xDD68, 0xDD68, 0x0000, 0x0000, 0x0000, 0x0000,
  0x0000, 0x0000, 0x0000, 0x0000, 0x0000, 0x0000, 0x0000, 0x0000, 0x0000, 0x0000, 0x0000, 0x0000,
  0x0000, 0x0000, 0x0000, 0xDD68, 0xDD68, 0xDD68, 0xDD68, 0xDD68, 0xDD68, 0xDD68, 0xDD68, 0xDD68,
  0x0000, 0x0000, 0x0000, 0x0000, 0x0000, 0xDD68, 0xDD68, 0xDD68, 0xDD68, 0xDD68, 0xDD68, 0xDD68,
  0xDD68, 0xDD68, 0xDD68, 0xDD68, 0xDD68, 0x0000, 0x0000, 0x0000, 0x0000, 0x0000, 0xDD68, 0xDD68,
  0xDD68, 0xDD68, 0xDD68, 0xDD68, 0xDD68, 0xDD68, 0xDD68, 0xDD68, 0xDD68, 0xDD68, 0xDD68, 0xDD68,
  0xDD68, 0x0000, 0x0000, 0x0000, 0x0000, 0x0000, 0x0000, 0x0000, 0x0000, 0x0000, 0x0000, 0x0000,
  0x0000, 0x0000, 0x0000, 0x0000, 0x0000, 0xDD68, 0xDD68, 0xDD68, 0xDD68, 0x0000, 0xDD68, 0xDD68,
  0xDD68, 0xDD68, 0xDD68, 0x0000, 0xDD68, 0xDD68, 0xDD68, 0xDD68, 0x0000, 0x0000, 0x0000, 0x0000,
  0x0000, 0x0000, 0x0000, 0x0000, 0x0000, 0x0000, 0x0000, 0x0000, 0x0000, 0x0000, 0x0000, 0x0000,
  0xDD68, 0xDD68, 0xDD68, 0xDD68, 0xDD68, 0xDD68, 0xDD68, 0xDD68, 0xDD68, 0xDD68, 0xDD68, 0xDD68,
  0xDD68, 0xDD68, 0xDD68, 0x0000, 0x0000, 0x0000, 0x0000, 0x0000, 0xDD68, 0xDD68, 0xDD68, 0xDD68,
  0xDD68, 0xDD68, 0xDD68, 0xDD68, 0xDD68, 0xDD68, 0xDD68, 0xDD68, 0x0000, 0x0000, 0x0000, 0x0000,
  0x0000, 0xDD68, 0xDD68, 0xDD68, 0xDD68, 0xDD68, 0xDD68, 0xDD68, 0xDD68, 0xDD68, 0x0000, 0x0000,
  0x0000, 0x0000, 0x0000, 0x0000, 0x0000, 0x0000, 0x0000, 0x0000, 0x0000, 0x0000, 0x0000, 0x0000,
  0x0000, 0x0000, 0x0000, 0x0000, 0x0000, 0xDD68, 0xDD68, 0xDD68, 0xDD68, 0xDD68, 0xDD68, 0xDD68,
  0xDD68, 0xDD68, 0x0000, 0x0000, 0x0000, 0x0000, 0x0000, 0x1080, 0xDD68, 0xDD68, 0xDD68, 0xDD68,
  0xDD68, 0xDD68, 0xDD68, 0xDD68, 0xDD68, 0xDD68, 0xDD68, 0x0000, 0x0000, 0x0000, 0x0000, 0x0000,
  0xDD68, 0xDD68, 0xDD68, 0xDD68, 0xDD68, 0xDD68, 0xDD68, 0xDD68, 0xDD68, 0xDD68, 0xDD68, 0xDD68,
  0xDD68, 0xDD68, 0xDD68, 0xDD68, 0x0000, 0x0000, 0x0000, 0x0000, 0x0000, 0x0000, 0x0000, 0x0000,
  0x0000, 0x0000, 0x0000, 0x0000, 0x0000, 0x0000, 0x0000, 0xDD68, 0xDD68, 0xDD68, 0xDD68, 0x0000,
  0xDD68, 0xDD68, 0xDD68, 0xDD68, 0xDD68, 0x0000, 0xDD68, 0xDD68, 0xDD68, 0xDD68, 0x0000, 0x0000,
  0x0000, 0x0000, 0x0000, 0x0000, 0x0000, 0x0000, 0x0000, 0x0000, 0x0000, 0x0000, 0x0000, 0x0000,
  0x0000, 0xDD68, 0xDD68, 0xDD68, 0xDD68, 0xDD68, 0xDD68, 0xDD68, 0xDD68, 0xDD68, 0xDD68, 0xDD68,
  0xDD68, 0xDD68, 0xDD68, 0xDD68, 0xDD68, 0x0000, 0x0000, 0x0000, 0x0000, 0x0000, 0xDD68, 0xDD68,
  0xDD68, 0xDD68, 0xDD68, 0xDD68, 0xDD68, 0xDD68, 0xDD68, 0xDD68, 0xDD68, 0x0000, 0x0000, 0x0000,
  0x0000, 0x0000, 0x0000, 0xDD68, 0xDD68, 0xDD68, 0xDD68, 0xDD68, 0xDD68, 0xDD68, 0xDD68, 0xDD68,
  0x0000, 0x0000, 0x0000, 0x0000, 0x0000, 0x0000, 0x0000, 0x0000, 0x0000, 0x0000, 0x0000, 0x0000,
  0x0000, 0x0000, 0x0000, 0x0000, 0x0000, 0x0000, 0x1880, 0xDD68, 0xDD68, 0xDD68, 0xDD68, 0xDD68,
  0xDD68, 0xDD68, 0xDD68, 0xDD68, 0xDD68, 0x0000, 0x0000, 0x0000, 0x0000, 0x0000, 0xDD68, 0xDD68,
  0xDD68, 0xDD68, 0xDD68, 0xDD68, 0xDD68, 0xDD68, 0xDD68, 0xDD68, 0xDD68, 0xDD68, 0x0000, 0x0000,
  0x0000, 0x0000, 0x0000, 0xDD68, 0xDD68, 0xDD68, 0xDD68, 0xDD68, 0xDD68, 0xDD68, 0xDD68, 0xDD68,
  0xDD68, 0xDD68, 0xDD68, 0xDD68, 0xDD68, 0xDD68, 0x0000, 0x0000, 0x0000, 0x0000, 0x0000, 0x0000,
  0x0000, 0x0000, 0x0000, 0x0000, 0x0000, 0x0000, 0x0000, 0x0000, 0x0000, 0xDD68, 0xDD68, 0xDD68,
  0xDD68, 0x0000, 0xDD68, 0xDD68, 0xDD68, 0xDD68, 0xDD68, 0x0000, 0xDD68, 0xDD68, 0xDD68, 0xDD68,
  0x0000, 0x0000, 0x0000, 0x0000, 0x0000, 0x0000, 0x0000, 0x0000, 0x0000, 0x0000, 0x0000, 0x0000,
  0x0000, 0x0000, 0x0000, 0xDD68, 0xDD68, 0xDD68, 0xDD68, 0xDD68, 0xDD68, 0xDD68, 0xDD68, 0xDD68,
  0xDD68, 0xDD68, 0xDD68, 0xDD68, 0xDD68, 0xDD68, 0x0000, 0x0000, 0x0000, 0x0000, 0x0000, 0xDD68,
  0xDD68, 0xDD68, 0xDD68, 0xDD68, 0xDD68, 0xDD68, 0xDD68, 0xDD68, 0xDD68, 0xDD68, 0xDD68, 0x0000,
  0x0000, 0x0000, 0x0000, 0x0000, 0xDD68, 0xDD68, 0xDD68, 0xDD68, 0xDD68, 0xDD68, 0xDD68, 0xDD68,
  0xDD68, 0xDD68, 0x0000, 0x0000, 0x0000, 0x0000, 0x0000, 0x0000, 0x0000, 0x0000, 0x0000, 0x0000,
  0x0000, 0x0000, 0x0000, 0x0000, 0x0000, 0x0000, 0x0000, 0x0000, 0xDD68, 0xDD68, 0xDD68, 0xDD68,
  0xDD68, 0xDD68, 0xDD68, 0xDD68, 0xDD68, 0xDD68, 0xDD68, 0x0000, 0x0000, 0x0000, 0x0000, 0x0000,
  0x0000, 0xDD68, 0xDD68, 0xDD68, 0xDD68, 0xDD68, 0xDD68, 0xDD68, 0xDD68, 0xDD68, 0xDD68, 0xDD68,
  0x0840, 0x0000, 0x0000, 0x0000, 0x0000, 0xDD68, 0xDD68, 0xDD68, 0xDD68, 0xDD68, 0xDD68, 0xDD68,
  0xDD68, 0xDD68, 0xDD68, 0xDD68, 0xDD68, 0xDD68, 0xDD68, 0xDD68, 0xDD68, 0x0000, 0x0000, 0x0000,
  0x0000, 0x0000, 0x0000, 0x0000, 0x0000, 0x0000, 0x0000, 0x0000, 0x0000, 0x0000, 0x0000, 0xDD68,
  0xDD68, 0xDD68, 0xDD68, 0x0000, 0xDD68, 0xDD68, 0xDD68, 0xDD68, 0xDD68, 0x0000, 0xDD68, 0xDD68,
  0xDD68, 0xDD68, 0x0000, 0x0000, 0x0000, 0x0000, 0x0000, 0x0000, 0x0000, 0x0000, 0x0000, 0x0000,
  0x0000, 0x0000, 0x0000, 0x0000, 0xDD68, 0xDD68, 0xDD68, 0xDD68, 0xDD68, 0xDD68, 0xDD68, 0xDD68,
  0xDD68, 0xDD68, 0xDD68, 0xDD68, 0xDD68, 0xDD68, 0xDD68, 0xDD68, 0x0000, 0x0000, 0x0000, 0x0000,
  0x6AA4, 0xDD68, 0xDD68, 0xDD68, 0xDD68, 0xDD68, 0xDD68, 0xDD68, 0xDD68, 0xDD68, 0xDD68, 0xDD68,
  0x0000, 0x0000, 0x0000, 0x0000, 0x0000, 0x0000, 0xDD68, 0xDD68, 0xDD68, 0xDD68, 0xDD68, 0xDD68,
  0xDD68, 0xDD68, 0xDD68, 0xDD68, 0xDD68, 0x0000, 0x0000, 0x0000, 0x0000, 0x0000, 0x0000, 0x0000,
  0x0000, 0x0000, 0x0000, 0x0000, 0x0000, 0x0000, 0x0000, 0x0000, 0x0000, 0x0000, 0xDD68, 0xDD68,
  0xDD68, 0xDD68, 0xDD68, 0xDD68, 0xDD68, 0xDD68, 0xDD68, 0xDD68, 0xDD68, 0xDD68, 0x0000, 0x0000,
  0x0000, 0x0000, 0x0000, 0x0000, 0xDD68, 0xDD68, 0xDD68, 0xDD68, 0xDD68, 0xDD68, 0xDD68, 0xDD68,
  0xDD68, 0xDD68, 0xDD68, 0x0000, 0x0000, 0x0000, 0x0000, 0x0000, 0xDD68, 0xDD68, 0xDD68, 0xDD68,
  0xDD68, 0xDD68, 0xDD68, 0xDD68, 0xDD68, 0xDD68, 0xDD68, 0xDD68, 0xDD68, 0xDD68, 0xDD68, 0x0000,
  0x0000, 0x0000, 0x0000, 0x0000, 0x0000, 0x0000, 0x0000, 0x0000, 0x0000, 0x0000, 0x0000, 0x0000,
  0x0000, 0xDD68, 0xDD68, 0xDD68, 0xDD68, 0x0000, 0xDD68, 0xDD68, 0xDD68, 0xDD68, 0xDD68, 0x0000,
  0xDD68, 0xDD68, 0xDD68, 0xDD68, 0x0000, 0x0000, 0x0000, 0x0000, 0x0000, 0x0000, 0x0000, 0x0000,
  0x0000, 0x0000, 0x0000, 0x0000, 0x0000, 0x0000, 0xDD68, 0xDD68, 0xDD68, 0xDD68, 0xDD68, 0xDD68,
  0xDD68, 0xDD68, 0xDD68, 0xDD68, 0xDD68, 0xDD68, 0xDD68, 0xDD68, 0xDD68, 0x0000, 0x0000, 0x0000,
  0x0000, 0x0000, 0xDD68, 0xDD68, 0xDD68, 0xDD68, 0xDD68, 0xDD68, 0xDD68, 0xDD68, 0xDD68, 0xDD68,
  0xDD68, 0x0000, 0x0000, 0x0000, 0x0000, 0x0000, 0x0000, 0xDD68, 0xDD68, 0xDD68, 0xDD68, 0xDD68,
  0xDD68, 0xDD68, 0xDD68, 0xDD68, 0xDD68, 0xDD68, 0xDD68, 0x0000, 0x0000, 0x0000, 0x0000, 0x0000,
  0x0000, 0x0000, 0x0000, 0x0000, 0x0000, 0x0000, 0x0000, 0x0000, 0x0000, 0x0000, 0x0000, 0x0000,
  0xDD68, 0xDD68, 0xDD68, 0xDD68, 0xDD68, 0xDD68, 0xDD68, 0xDD68, 0xDD68, 0xDD68, 0xDD68, 0xDD68,
  0xDD68, 0x0000, 0x0000, 0x0000, 0x0000, 0x0000, 0x0000, 0xDD68, 0xDD68, 0xDD68, 0xDD68, 0xDD68,
  0xDD68, 0xDD68, 0xDD68, 0xDD68, 0xDD68, 0xDD68, 0x0000, 0x0000, 0x0000, 0x0000, 0xDD68, 0xDD68,
  0xDD68, 0xDD68, 0xDD68, 0xDD68, 0xDD68, 0xDD68, 0xDD68, 0xDD68, 0xDD68, 0xDD68, 0xDD68, 0xDD68,
  0xDD68, 0xDD68, 0x0000, 0x0000, 0x0000, 0x0000, 0x0000, 0x0000, 0x0000, 0x0000, 0x0000, 0x0000,
  0x0000, 0x0000, 0x0000, 0xDD68, 0xDD68, 0xDD68, 0xDD68, 0x0000, 0xDD68, 0xDD68, 0xDD68, 0xDD68,
  0xDD68, 0x0000, 0xDD68, 0xDD68, 0xDD68, 0xDD68, 0x0000, 0x0000, 0x0000, 0x0000, 0x0000, 0x0000,
  0x0000, 0x0000, 0x0000, 0x0000, 0x0000, 0x0000, 0x0000, 0xDD68, 0xDD68, 0xDD68, 0xDD68, 0xDD68,
  0xDD68, 0xDD68, 0xDD68, 0xDD68, 0xDD68, 0xDD68, 0xDD68, 0xDD68, 0xDD68, 0xDD68, 0xDD68, 0x0000,
  0x0000, 0x0000, 0x0000, 0xDD68, 0xDD68, 0xDD68, 0xDD68, 0xDD68, 0xDD68, 0xDD68, 0xDD68, 0xDD68,
  0xDD68, 0xDD68, 0x0000, 0x0000, 0x0000, 0x0000, 0x0000, 0x0000, 0xDD68, 0xDD68, 0xDD68, 0xDD68,
  0xDD68, 0xDD68, 0xDD68, 0xDD68, 0xDD68, 0xDD68, 0xDD68, 0xDD68, 0xDD68, 0x0000, 0x0000, 0x0000,
  0x0000, 0x0000, 0x0000, 0x0000, 0x0000, 0x0000, 0x0000, 0x0000, 0x0000, 0x0000, 0x0000, 0x0000,
  0x0000, 0x0000, 0xDD68, 0xDD68, 0xDD68, 0xDD68, 0xDD68, 0xDD68, 0xDD68, 0xDD68, 0xDD68, 0xDD68,
  0xDD68, 0xDD68, 0xDD68, 0x6284, 0x0000, 0x0000, 0x0000, 0x0000, 0x0000, 0x0000, 0xDD68, 0xDD68,
  0xDD68, 0xDD68, 0xDD68, 0xDD68, 0xDD68, 0xDD68, 0xDD68, 0xDD68, 0xDD68, 0x0000, 0x0000, 0x0000,
  0x0000, 0xDD68, 0xDD68, 0xDD68, 0xDD68, 0xDD68, 0xDD68, 0xDD68, 0xDD68, 0xDD68, 0xDD68, 0xDD68,
  0xDD68, 0xDD68, 0xDD68, 0xDD68, 0x0000, 0x0000, 0x0000, 0x0000, 0x0000, 0x0000, 0x0000, 0x0000,
  0x0000, 0x0000, 0x0000, 0x0000, 0x0000, 0xDD68, 0xDD68, 0xDD68, 0xDD68, 0x0000, 0xDD68, 0xDD68,
  0xDD68, 0xDD68, 0xDD68, 0x0000, 0xDD68, 0xDD68, 0xDD68, 0xDD68, 0x0000, 0x0000, 0x0000, 0x0000,
  0x0000, 0x0000, 0x0000, 0x0000, 0x0000, 0x0000, 0x0000, 0x0000, 0x0000, 0xDD68, 0xDD68, 0xDD68,
  0xDD68, 0xDD68, 0xDD68, 0xDD68, 0xDD68, 0xDD68, 0xDD68, 0xDD68, 0xDD68, 0xDD68, 0xDD68, 0xDD68,
  0x0000, 0x0000, 0x0000, 0x0000, 0xDD68, 0xDD68, 0xDD68, 0xDD68, 0xDD68, 0xDD68, 0xDD68, 0xDD68,
  0xDD68, 0xDD68, 0xDD68, 0x0000, 0x0000, 0x0000, 0x0000, 0x0000, 0x0000, 0x9BE6, 0xDD68, 0xDD68,
  0xDD68, 0xDD68, 0xDD68, 0xDD68, 0xDD68, 0xDD68, 0xDD68, 0xDD68, 0xDD68, 0xDD68, 0xDD68, 0x0000,
  0x0000, 0x0000, 0x0000, 0x0000, 0x0000, 0x0000, 0x0000, 0x0000, 0x0000, 0x0000, 0x0000, 0x0000,
  0x0000, 0x0000, 0x0000, 0x0000, 0xDD68, 0xDD68, 0xDD68, 0xDD68, 0xDD68, 0xDD68, 0xDD68, 0xDD68,
  0xDD68, 0xDD68, 0xDD68, 0xDD68, 0xDD68, 0xDD68, 0x0000, 0x0000, 0x0000, 0x0000, 0x0000, 0x0000,
  0x0000, 0xDD68, 0xDD68, 0xDD68, 0xDD68, 0xDD68, 0xDD68, 0xDD68, 0xDD68, 0xDD68, 0xDD68, 0x0000,
  0x0000, 0x0000, 0x0000, 0x0000, 0xDD68, 0xDD68, 0xDD68, 0xDD68, 0xDD68, 0xDD68, 0xDD68, 0xDD68,
  0xDD68, 0xDD68, 0xDD68, 0xDD68, 0xDD68, 0xDD68, 0xDD68, 0x0000, 0x0000, 0x0000, 0x0000, 0x0000,
  0x0000, 0x0000, 0x0000, 0x0000, 0x0000, 0x0000, 0x0000, 0xDD68, 0xDD68, 0xDD68, 0xDD68, 0x0000,
  0xDD68, 0xDD68, 0xDD68, 0xDD68, 0xDD68, 0x0000, 0xDD68, 0xDD68, 0xDD68, 0xDD68, 0x0000, 0x0000,
  0x0000, 0x0000, 0x0000, 0x0000, 0x0000, 0x0000, 0x0000, 0x0000, 0x0000, 0x0000, 0xDD68, 0xDD68,
  0xDD68, 0xDD68, 0xDD68, 0xDD68, 0xDD68, 0xDD68, 0xDD68, 0xDD68, 0xDD68, 0xDD68, 0xDD68, 0xDD68,
  0xDD68, 0x0000, 0x0000, 0x0000, 0x0000, 0x0000, 0xDD68, 0xDD68, 0xDD68, 0xDD68, 0xDD68, 0xDD68,
  0xDD68, 0xDD68, 0xDD68, 0xDD68, 0x0000, 0x0000, 0x0000, 0x0000, 0x0000, 0x0000, 0x0000, 0xDD68,
  0xDD68, 0xDD68, 0xDD68, 0xDD68, 0xDD68, 0xDD68, 0xDD68, 0xDD68, 0xDD68, 0xDD68, 0xDD68, 0xDD68,
  0xDD68, 0x0000, 0x0000, 0x0000, 0x0000, 0x0000, 0x0000, 0x0000, 0x0000, 0x0000, 0x0000, 0x0000,
  0x0000, 0x0000, 0x0000, 0x0000, 0x0000, 0x0000, 0xDD68, 0xDD68, 0xDD68, 0xDD68, 0xDD68, 0xDD68,
  0xDD68, 0xDD68, 0xDD68, 0xDD68, 0xDD68, 0xDD68, 0xDD68, 0xDD68, 0xDD68, 0x0000, 0x0000, 0x0000,
  0x0000, 0x0000, 0x0000, 0x0000, 0xDD68, 0xDD68, 0xDD68, 0xDD68, 0xDD68, 0xDD68, 0xDD68, 0xDD68,
  0xDD68, 0xDD68, 0x0000, 0x0000, 0x0000, 0x0000, 0xDD68, 0xDD68, 0xDD68, 0xDD68, 0xDD68, 0xDD68,
  0xDD68, 0xDD68, 0xDD68, 0xDD68, 0xDD68, 0xDD68, 0xDD68, 0xDD68, 0xDD68, 0x0000, 0x0000, 0x0000,
  0x0000, 0x0000, 0x0000, 0x0000, 0x0000, 0x0000, 0x0000, 0x0000, 0x0000, 0xDD68, 0xDD68, 0xDD68,
  0xDD68, 0x0000, 0xDD68, 0xDD68, 0xDD68, 0xDD68, 0xDD68, 0x0000, 0xDD68, 0xDD68, 0xDD68, 0xDD68,
  0x0000, 0x0000, 0x0000, 0x0000, 0x0000, 0x0000, 0x0000, 0x0000, 0x0000, 0x0000, 0x0000, 0x0000,
  0xDD68, 0xDD68, 0xDD68, 0xDD68, 0xDD68, 0xDD68, 0xDD68, 0xDD68, 0xDD68, 0xDD68, 0xDD68, 0xDD68,
  0xDD68, 0xDD68, 0xDD68, 0x0000, 0x0000, 0x0000, 0x0000, 0xDD68, 0xDD68, 0xDD68, 0xDD68, 0xDD68,
  0xDD68, 0xDD68, 0xDD68, 0xDD68, 0xDD68, 0x0000, 0x0000, 0x0000, 0x0000, 0x0000, 0x0000, 0x0820,
  0xDD68, 0xDD68, 0xDD68, 0xDD68, 0xDD68, 0xDD68, 0xDD68, 0xDD68, 0xDD68, 0xDD68, 0xDD68, 0xDD68,
  0xDD68, 0xDD68, 0xDD68, 0x0000, 0x0000, 0x0000, 0x0000, 0x0000, 0x0000, 0x0000, 0x0000, 0x0000,
  0x0000, 0x0000, 0x0000, 0x0000, 0x0000, 0x0000, 0x0000, 0x0000, 0x9C06, 0xDD68, 0xDD68, 0xDD68,
  0xDD68, 0xDD68, 0xDD68, 0xDD68, 0xDD68, 0xDD68, 0xDD68, 0xDD68, 0xDD68, 0xDD68, 0xDD68, 0xDD68,
  0x8B65, 0x0000, 0x0000, 0x0000, 0x0000, 0x0000, 0x0000, 0x0000, 0xDD68, 0xDD68, 0xDD68, 0xDD68,
  0xDD68, 0xDD68, 0xDD68, 0xDD68, 0xDD68, 0x0000, 0x0000, 0x0000, 0x0000, 0xDD68, 0xDD68, 0xDD68,
  0xDD68, 0xDD68, 0xDD68, 0xDD68, 0xDD68, 0xDD68, 0xDD68, 0xDD68, 0xDD68, 0xDD68, 0xDD68, 0xDD68,
  0x0000, 0x0000, 0x0000, 0x0000, 0x0000, 0x0000, 0x0000, 0x0000, 0x0000, 0x0000, 0x0000, 0xDD68,
  0xDD68, 0xDD68, 0xDD68, 0x0000, 0xDD68, 0xDD68, 0xDD68, 0xDD68, 0xDD68, 0x0000, 0xDD68, 0xDD68,
  0xDD68, 0xDD68, 0x0000, 0x0000, 0x0000, 0x0000, 0x0000, 0x0000, 0x0000, 0x0000, 0x0000, 0x0000,
  0x0000, 0xDD68, 0xDD68, 0xDD68, 0xDD68, 0xDD68, 0xDD68, 0xDD68, 0xDD68, 0xDD68, 0xDD68, 0xDD68,
  0xDD68, 0xDD68, 0xDD68, 0xDD68, 0x0000, 0x0000, 0x0000, 0x0000, 0xDD68, 0xDD68, 0xDD68, 0xDD68,
  0xDD68, 0xDD68, 0xDD68, 0xDD68, 0xDD68, 0x0000, 0x0000, 0x0000, 0x0000, 0x0000, 0x0000, 0x0000,
  0xB487, 0xDD68, 0xDD68, 0xDD68, 0xDD68, 0xDD68, 0xDD68, 0xDD68, 0xDD68, 0xDD68, 0xDD68, 0xDD68,
  0xDD68, 0xDD68, 0xDD68, 0xDD68, 0x2101, 0x0000, 0x0000, 0x0000, 0x0000, 0x0000, 0x0000, 0x0000,
  0x0000, 0x0000, 0x0000, 0x0000, 0x0000, 0x6A84, 0x0000, 0x0000, 0x0000, 0x0000, 0x0000, 0xDD68,
  0xDD68, 0xDD68, 0xDD68, 0xDD68, 0xDD68, 0xDD68, 0xDD68, 0xDD68, 0xDD68, 0xDD68, 0xDD68, 0xDD68,
  0xDD68, 0xDD68, 0xDD68, 0xDD68, 0x0000, 0x0000, 0x0000, 0x0000, 0x0000, 0x0000, 0x0000, 0xDD68,
  0xDD68, 0xDD68, 0xDD68, 0xDD68, 0xDD68, 0xDD68, 0xDD68, 0xDD68, 0x0000, 0x0000, 0x0000, 0x0000,
  0xDD68, 0xDD68, 0xDD68, 0xDD68, 0xDD68, 0xDD68, 0xDD68, 0xDD68, 0xDD68, 0xDD68, 0xDD68, 0xDD68,
  0xDD68, 0xDD68, 0x0000, 0x0000, 0x0000, 0x0000, 0x0000, 0x0000, 0x0000, 0x0000, 0x0000, 0x0000,
  0x0000, 0xDD68, 0xDD68, 0xDD68, 0xA426, 0x0000, 0xDD68, 0xDD68, 0xDD68, 0xDD68, 0xDD68, 0x0000,
  0xDD68, 0xDD68, 0xDD68, 0xDD68, 0x0000, 0x0000, 0x0000, 0x0000, 0x0000, 0x0000, 0x0000, 0x0000,
  0x0000, 0x0000, 0x0000, 0xDD68, 0xDD68, 0xDD68, 0xDD68, 0xDD68, 0xDD68, 0xDD68, 0xDD68, 0xDD68,
  0xDD68, 0xDD68, 0xDD68, 0xDD68, 0xDD68, 0x0000, 0x0000, 0x0000, 0x0000, 0xDD68, 0xDD68, 0xDD68,
  0xDD68, 0xDD68, 0xDD68, 0xDD68, 0xDD68, 0xDD68, 0x0000, 0x0000, 0x0000, 0x0000, 0x0000, 0x0000,
  0x0000, 0xDD68, 0xDD68, 0xDD68, 0xDD68, 0xDD68, 0xDD68, 0xDD68, 0xDD68, 0xDD68, 0xDD68, 0xDD68,
  0xDD68, 0xDD68, 0xDD68, 0xDD68, 0xDD68, 0xDD68, 0x0000, 0x0000, 0x0000, 0x0000, 0x0000, 0x5A63,
  0x0000, 0x0000, 0x0000, 0x0000, 0x0000, 0x0000, 0x0000, 0xDD68, 0xDD68, 0x0000, 0x0000, 0x0000,
  0x0000, 0xDD68, 0xDD68, 0xDD68, 0xDD68, 0xDD68, 0xDD68, 0xDD68, 0xDD68, 0xDD68, 0xDD68, 0xDD68,
  0xDD68, 0xDD68, 0xDD68, 0xDD68, 0xDD68, 0xDD68, 0xDD68, 0x0000, 0x0000, 0x0000, 0x0000, 0x0000,
  0x0000, 0x0000, 0x0000, 0xDD68, 0xDD68, 0xDD68, 0xDD68, 0xDD68, 0xDD68, 0xDD68, 0xDD68, 0x0000,
  0x0000, 0x0000, 0x0000, 0xDD68, 0xDD68, 0xDD68, 0xDD68, 0xDD68, 0xDD68, 0xDD68, 0xDD68, 0xDD68,
  0xDD68, 0xDD68, 0xDD68, 0xDD68, 0xDD68, 0x0000, 0x0000, 0x0000, 0x0000, 0x0000, 0x0000, 0x0000,
  0x0000, 0x0000, 0x0000, 0xDD68, 0xDD68, 0xDD68, 0x6264, 0x0000, 0xDD68, 0xDD68, 0xDD68, 0xDD68,
  0xDD68, 0x0000, 0xC4E8, 0xDD68, 0xDD68, 0xDD68, 0x0000, 0x0000, 0x0000, 0x0000, 0x0000, 0x0000,
  0x0000, 0x0000, 0x0000, 0x0000, 0xDD68, 0xDD68, 0xDD68, 0xDD68, 0xDD68, 0xDD68, 0xDD68, 0xDD68,
  0xDD68, 0xDD68, 0xDD68, 0xDD68, 0xDD68, 0xDD68, 0x0000, 0x0000, 0x0000, 0x0000, 0xDD68, 0xDD68,
  0xDD68, 0xDD68, 0xDD68, 0xDD68, 0xDD68, 0xDD68, 0x0000, 0x0000, 0x0000, 0x0000, 0x0000, 0x0000,
  0x0000, 0x0000, 0xDD68, 0xDD68, 0xDD68, 0xDD68, 0xDD68, 0xDD68, 0xDD68, 0xDD68, 0xDD68, 0xDD68,
  0xDD68, 0xDD68, 0xDD68, 0xDD68, 0xDD68, 0xDD68, 0xDD68, 0xDD68, 0x0000, 0x0000, 0x0000, 0x0000,
  0xDD68, 0xDD68, 0x0000, 0x0000, 0x0000, 0x0000, 0x0000, 0x0000, 0x0000, 0xDD68, 0xDD68, 0x0000,
  0x0000, 0x0000, 0x0000, 0xDD68, 0xDD68, 0xDD68, 0xDD68, 0xDD68, 0xDD68, 0xDD68, 0xDD68, 0xDD68,
  0xDD68, 0xDD68, 0xDD68, 0xDD68, 0xDD68, 0xDD68, 0xDD68, 0xDD68, 0xDD68, 0xDD68, 0xDD68, 0x0000,
  0x0000, 0x0000, 0x0000, 0x0000, 0x0000, 0x0000, 0x8345, 0xDD68, 0xDD68, 0xDD68, 0xDD68, 0xDD68,
  0xDD68, 0x7B05, 0x0000, 0x0000, 0x0000, 0x0000, 0xDD68, 0xDD68, 0xDD68, 0xDD68, 0xDD68, 0xDD68,
  0xDD68, 0xDD68, 0xDD68, 0xDD68, 0xDD68, 0xDD68, 0xDD68, 0x0000, 0x0000, 0x0000, 0x0000, 0x0000,
  0x0000, 0x0000, 0x0000, 0x0000, 0x0000, 0xDD68, 0xDD68, 0xDD68, 0x1880, 0x0000, 0xDD68, 0xDD68,
  0xDD68, 0xDD68, 0xDD68, 0x0000, 0x7B25, 0xDD68, 0xDD68, 0xDD68, 0x0000, 0x0000, 0x0000, 0x0000,
  0x0000, 0x0000, 0x0000, 0x0000, 0x0000, 0x0000, 0xDD68, 0xDD68, 0xDD68, 0xDD68, 0xDD68, 0xDD68,
  0xDD68, 0xDD68, 0xDD68, 0xDD68, 0xDD68, 0xDD68, 0xDD68, 0x0000, 0x0000, 0x0000, 0x0000, 0xDD68,
  0xDD68, 0xDD68, 0xDD68, 0xDD68, 0xDD68, 0xDD68, 0x5A63, 0x0000, 0x0000, 0x0000, 0x0000, 0x0000,
  0x0000, 0x0000, 0xDD68, 0xDD68, 0xDD68, 0xDD68, 0xDD68, 0xDD68, 0xDD68, 0xDD68, 0xDD68, 0xDD68,
  0xDD68, 0xDD68, 0xDD68, 0xDD68, 0xDD68, 0xDD68, 0xDD68, 0xDD68, 0xDD68, 0xDD68, 0x0000, 0x0000,
  0x0000, 0x0000, 0xDD68, 0xDD68, 0x0000, 0x0000, 0x0000, 0x0000, 0x0000, 0x0000, 0x0000, 0xDD68,
  0xDD68, 0x0000, 0x0000, 0x0000, 0x0000, 0x0000, 0xDD68, 0xDD68, 0xDD68, 0xDD68, 0xDD68, 0xDD68,
  0xDD68, 0xDD68, 0xDD68, 0xDD68, 0xDD68, 0xDD68, 0xDD68, 0xDD68, 0xDD68, 0xDD68, 0xDD68, 0xDD68,
  0xDD68, 0xDD68, 0x0000, 0x0000, 0x0000, 0x0000, 0x0000, 0x0000, 0x0000, 0x0000, 0xDD68, 0xDD68,
  0xDD68, 0xDD68, 0xDD68, 0xDD68, 0x0000, 0x0000, 0x0000, 0x0000, 0xDD68, 0xDD68, 0xDD68, 0xDD68,
  0xDD68, 0xDD68, 0xDD68, 0xDD68, 0xDD68, 0xDD68, 0xDD68, 0xDD68, 0xDD68, 0x0000, 0x0000, 0x0000,
  0x0000, 0x0000, 0x0000, 0x0000, 0x0000, 0x0000, 0xA426, 0xDD68, 0xDD68, 0xDD68, 0x0000, 0x0000,
  0xDD68, 0xDD68, 0xDD68, 0xDD68, 0xDD68, 0x0000, 0x3962, 0xDD68, 0xDD68, 0xDD68, 0x0000, 0x0000,
  0x0000, 0x0000, 0x0000, 0x0000, 0x0000, 0x0000, 0x0000, 0x0820, 0xDD68, 0xDD68, 0xDD68, 0xDD68,
  0xDD68, 0xDD68, 0xDD68, 0xDD68, 0xDD68, 0xDD68, 0xDD68, 0xDD68, 0xDD68, 0x0000, 0x0000, 0x0000,
  0x0000, 0xDD68, 0xDD68, 0xDD68, 0xDD68, 0xDD68, 0xDD68, 0x0000, 0x0000, 0x0000, 0x0000, 0x0000,
  0x0000, 0x0000, 0x0000, 0xDD68, 0xDD68, 0xDD68, 0xDD68, 0xDD68, 0xDD68, 0xDD68, 0xDD68, 0xDD68,
  0xDD68, 0xDD68, 0xDD68, 0xDD68, 0xDD68, 0xDD68, 0xDD68, 0xDD68, 0xDD68, 0xDD68, 0xDD68, 0x0000,
  0x0000, 0x0000, 0x0000, 0x0000, 0xDD68, 0xDD68, 0x0000, 0x0000, 0x0000, 0x0000, 0x0000, 0x0000,
  0xDD68, 0xDD68, 0xDD68, 0xBCC7, 0x0000, 0x0000, 0x0000, 0x0000, 0xDD68, 0xDD68, 0xDD68, 0xDD68,
  0xDD68, 0xDD68, 0xDD68, 0xDD68, 0xDD68, 0xDD68, 0xDD68, 0xDD68, 0xDD68, 0xDD68, 0xDD68, 0xDD68,
  0xDD68, 0xDD68, 0xDD68, 0xDD68, 0xDD68, 0xDD68, 0x0000, 0x0000, 0x0000, 0x0000, 0x0000, 0x0000,
  0x0000, 0x5A23, 0xDD68, 0xDD68, 0xDD68, 0xDD68, 0xDD68, 0x0000, 0x0000, 0x0000, 0x0000, 0xDD68,
  0xDD68, 0xDD68, 0xDD68, 0xDD68, 0xDD68, 0xDD68, 0xDD68, 0xDD68, 0xDD68, 0xDD68, 0xDD68, 0xDD68,
  0x0000, 0x0000, 0x0000, 0x0000, 0x0000, 0x0000, 0x0000, 0x0000, 0xDD68, 0xDD68, 0xDD68, 0xDD68,
  0x0000, 0x0000, 0xDD68, 0xDD68, 0xDD68, 0xDD68, 0xDD68, 0x0000, 0x0000, 0xDD68, 0xDD68, 0xDD68,
  0x93A6, 0x0000, 0x0000, 0x0000, 0x0000, 0x0000, 0x0000, 0x0000, 0x0000, 0xDD68, 0xDD68, 0xDD68,
  0xDD68, 0xDD68, 0xDD68, 0xDD68, 0xDD68, 0xDD68, 0xDD68, 0xDD68, 0xDD68, 0xDD68, 0x0000, 0x0000,
  0x0000, 0x0000, 0xDD68, 0xDD68, 0xDD68, 0xDD68, 0xDD68, 0x20C1, 0x0000, 0x0000, 0x0000, 0x0000,
  0x0000, 0x0000, 0x0000, 0xDD68, 0xDD68, 0xDD68, 0xDD68, 0xDD68, 0xDD68, 0xDD68, 0xDD68, 0xDD68,
  0xDD68, 0xDD68, 0xDD68, 0xDD68, 0xDD68, 0xDD68, 0xDD68, 0xDD68, 0xDD68, 0xDD68, 0xDD68, 0xDD68,
  0xDD68, 0x0000, 0x0000, 0x0000, 0x0000, 0xCD28, 0xDD68, 0xDD68, 0xDD68, 0x0000, 0x0000, 0x0000,
  0x0000, 0x0000, 0xDD68, 0xDD68, 0xDD68, 0xDD68, 0x0000, 0x0000, 0x0000, 0x0000, 0x0000, 0xDD68,
  0xDD68, 0xDD68, 0xDD68, 0xDD68, 0xDD68, 0xDD68, 0xDD68, 0xDD68, 0xDD68, 0xDD68, 0xDD68, 0xDD68,
  0xDD68, 0xDD68, 0xDD68, 0xDD68, 0xDD68, 0xDD68, 0xDD68, 0xDD68, 0xDD68, 0xDD68, 0x0000, 0x0000,
  0x0000, 0x0000, 0x0000, 0x0000, 0x0000, 0xDD68, 0xDD68, 0xDD68, 0xDD68, 0xDD68, 0x0000, 0x0000,
  0x0000, 0x0000, 0xDD68, 0xDD68, 0xDD68, 0xDD68, 0xDD68, 0xDD68, 0xDD68, 0xDD68, 0xDD68, 0xDD68,
  0xDD68, 0xDD68, 0x0000, 0x0000, 0x0000, 0x0000, 0x0000, 0x0000, 0x0000, 0x0000, 0xDD68, 0xDD68,
  0xDD68, 0xDD68, 0x0000, 0x0000, 0xDD68, 0xDD68, 0xDD68, 0xDD68, 0xDD68, 0x0000, 0x0000, 0xDD68,
  0xDD68, 0xDD68, 0xDD68, 0x0000, 0x0000, 0x0000, 0x0000, 0x0000, 0x0000, 0x0000, 0x0000, 0xDD68,
  0xDD68, 0xDD68, 0xDD68, 0xDD68, 0xDD68, 0xDD68, 0xDD68, 0xDD68, 0xDD68, 0xDD68, 0xDD68, 0x0000,
  0x0000, 0x0000, 0x0000, 0xDD68, 0xDD68, 0xDD68, 0xDD68, 0xDD68, 0x0000, 0x0000, 0x0000, 0x0000,
  0x0000, 0x0000, 0x0000, 0xDD68, 0xDD68, 0xDD68, 0xDD68, 0xDD68, 0xDD68, 0xDD68, 0xDD68, 0xDD68,
  0xDD68, 0xDD68, 0xDD68, 0xDD68, 0xDD68, 0xDD68, 0xDD68, 0xDD68, 0xDD68, 0xDD68, 0xDD68, 0xDD68,
  0xDD68, 0xDD68, 0x0000, 0x0000, 0x0000, 0x0000, 0x0000, 0xDD68, 0xDD68, 0xDD68, 0xDD68, 0x0000,
  0x0000, 0x0000, 0x0000, 0x0000, 0xDD68, 0xDD68, 0xDD68, 0xDD68, 0x0000, 0x0000, 0x0000, 0x0000,
  0x0000, 0xDD68, 0xDD68, 0xDD68, 0xDD68, 0xDD68, 0xDD68, 0xDD68, 0xDD68, 0xDD68, 0xDD68, 0xDD68,
  0xDD68, 0xDD68, 0xDD68, 0xDD68, 0xDD68, 0xDD68, 0xDD68, 0xDD68, 0xDD68, 0xDD68, 0xDD68, 0xDD68,
  0xDD68, 0xDD68, 0x0000, 0x0000, 0x0000, 0x0000, 0x0000, 0x0000, 0xDD68, 0xDD68, 0xDD68, 0xDD68,
  0x0000, 0x0000, 0x0000, 0x0000, 0xDD68, 0xDD68, 0xDD68, 0xDD68, 0xDD68, 0xDD68, 0xDD68, 0xDD68,
  0xDD68, 0xDD68, 0xDD68, 0xDD68, 0xAC46, 0x0000, 0x0000, 0x0000, 0x0000, 0x0000, 0x0000, 0x0000,
  0xDD68, 0xDD68, 0xDD68, 0xDD68, 0x0000, 0x0000, 0xDD68, 0xDD68, 0xDD68, 0xDD68, 0xDD68, 0x0000,
  0x0000, 0xDD68, 0xDD68, 0xDD68, 0xDD68, 0x0000, 0x0000, 0x0000, 0x0000, 0x0000, 0x0000, 0x0000,
  0xC4E7, 0xDD68, 0xDD68, 0xDD68, 0xDD68, 0xDD68, 0xDD68, 0xDD68, 0xDD68, 0xDD68, 0xDD68, 0xDD68,
  0xDD68, 0x0000, 0x0000, 0x0000, 0x9BE6, 0xDD68, 0xDD68, 0xDD68, 0xDD68, 0x0000, 0x0000, 0x0000,
  0x0000, 0x0000, 0x0000, 0xDD68, 0xDD68, 0xDD68, 0xDD68, 0xDD68, 0xDD68, 0xDD68, 0xDD68, 0xDD68,
  0xDD68, 0xDD68, 0xDD68, 0xDD68, 0xDD68, 0xDD68, 0xDD68, 0xDD68, 0xDD68, 0xDD68, 0xDD68, 0xDD68,
  0xDD68, 0xDD68, 0xDD68, 0xDD68, 0x0000, 0x0000, 0x0000, 0x0000, 0x0000, 0xDD68, 0xDD68, 0xDD68,
  0xDD68, 0x0000, 0x0000, 0x0000, 0x0000, 0x0000, 0xDD68, 0xDD68, 0xDD68, 0xDD68, 0xDD68, 0x0000,
  0x0000, 0x0000, 0x0000, 0x0000, 0xDD68, 0xDD68, 0xDD68, 0xDD68, 0xDD68, 0xDD68, 0xDD68, 0xDD68,
  0xDD68, 0xDD68, 0xDD68, 0xDD68, 0xDD68, 0xDD68, 0xDD68, 0xDD68, 0xDD68, 0xDD68, 0xDD68, 0xDD68,
  0xDD68, 0xDD68, 0xDD68, 0xDD68, 0xDD68, 0x0000, 0x0000, 0x0000, 0x0000, 0x0000, 0x0000, 0xDD68,
  0xDD68, 0xDD68, 0xDD68, 0x0000, 0x0000, 0x0000, 0x0000, 0xDD68, 0xDD68, 0xDD68, 0xDD68, 0xDD68,
  0xDD68, 0xDD68, 0xDD68, 0xDD68, 0xDD68, 0xDD68, 0xDD68, 0x0000, 0x0000, 0x0000, 0x0000, 0x0000,
  0x0000, 0x0000, 0xDD68, 0xDD68, 0xDD68, 0xDD68, 0x0000, 0x0000, 0xDD68, 0xDD68, 0xDD68, 0xDD68,
  0xDD68, 0x0000, 0x0000, 0xDD68, 0xDD68, 0xDD68, 0xDD68, 0x0000, 0x0000, 0x0000, 0x0000, 0x0000,
  0x0000, 0x0000, 0xDD68, 0xDD68, 0xDD68, 0xDD68, 0xDD68, 0xDD68, 0xDD68, 0xDD68, 0xDD68, 0xDD68,
  0xDD68, 0xDD68, 0x0000, 0x0000, 0x0000, 0x0000, 0xDD68, 0xDD68, 0xDD68, 0xDD68, 0x0000, 0x0000,
  0x0000, 0x0000, 0x0000, 0x0000, 0xDD68, 0xDD68, 0xDD68, 0xDD68, 0xDD68, 0xDD68, 0xDD68, 0xDD68,
  0xDD68, 0xDD68, 0xDD68, 0xDD68, 0xDD68, 0xDD68, 0xDD68, 0xDD68, 0xDD68, 0xDD68, 0xDD68, 0xDD68,
  0xDD68, 0xDD68, 0xDD68, 0xDD68, 0xDD68, 0x0000, 0x0000, 0x0000, 0x0000, 0x0000, 0xDD68, 0xDD68,
  0xDD68, 0xDD68, 0xDD68, 0x0000, 0x0000, 0x0000, 0x0000, 0x0000, 0xDD68, 0xDD68, 0xDD68, 0xDD68,
  0xDD68, 0xAC47, 0x0000, 0x0000, 0x0000, 0x0000, 0x0000, 0xDD68, 0xDD68, 0xDD68, 0xDD68, 0xDD68,
  0xDD68, 0xDD68, 0xDD68, 0xDD68, 0xDD68, 0xDD68, 0xDD68, 0xDD68, 0xDD68, 0xDD68, 0xDD68, 0xDD68,
  0xDD68, 0xDD68, 0xDD68, 0xDD68, 0xDD68, 0xDD68, 0xDD68, 0xDD68, 0xDD68, 0x0000, 0x0000, 0x0000,
  0x0000, 0x0000, 0xDD68, 0xDD68, 0xDD68, 0xDD68, 0x0000, 0x0000, 0x0000, 0xDD68, 0xDD68, 0xDD68,
  0xDD68, 0xDD68, 0xDD68, 0xDD68, 0xDD68, 0xDD68, 0xDD68, 0xDD68, 0xDD68, 0x0000, 0x0000, 0x0000,
  0x0000, 0x0000, 0x0000, 0x0000, 0xDD68, 0xDD68, 0xDD68, 0xDD68, 0x0000, 0x0000, 0xDD68, 0xDD68,
  0xDD68, 0xDD68, 0xDD68, 0x0000, 0x0000, 0xDD68, 0xDD68, 0xDD68, 0xDD68, 0x0000, 0x0000, 0x0000,
  0x0000, 0x0000, 0x0000, 0x0000, 0xDD68, 0xDD68, 0xDD68, 0xDD68, 0xDD68, 0xDD68, 0xDD68, 0xDD68,
  0xDD68, 0xDD68, 0xDD68, 0xDD68, 0x0000, 0x0000, 0x0000, 0xDD68, 0xDD68, 0xDD68, 0xDD68, 0x0000,
  0x0000, 0x0000, 0x0000, 0x0000, 0xDD68, 0xDD68, 0xDD68, 0xDD68, 0xDD68, 0xDD68, 0xDD68, 0xDD68,
  0xDD68, 0xDD68, 0xDD68, 0xDD68, 0xDD68, 0xDD68, 0xDD68, 0xDD68, 0xDD68, 0xDD68, 0xDD68, 0xDD68,
  0xDD68, 0xDD68, 0xDD68, 0xDD68, 0xDD68, 0xDD68, 0x0000, 0x0000, 0x0000, 0x0000, 0x0000, 0xC4E8,
  0xDD68, 0xDD68, 0xDD68, 0xDD68, 0xDD68, 0x0000, 0x0000, 0x0000, 0x0000, 0x0000, 0xDD68, 0xDD68,
  0xDD68, 0xDD68, 0xDD68, 0xDD68, 0x0000, 0x0000, 0x0000, 0x0000, 0x0000, 0x0000, 0xDD68, 0xDD68,
  0xDD68, 0xDD68, 0xDD68, 0xDD68, 0xDD68, 0xDD68, 0xDD68, 0xDD68, 0xDD68, 0xDD68, 0xDD68, 0xDD68,
  0xDD68, 0xDD68, 0xDD68, 0xDD68, 0xDD68, 0xDD68, 0xDD68, 0xDD68, 0xDD68, 0xDD68, 0xDD68, 0xDD68,
  0x0000, 0x0000, 0x0000, 0x0000, 0x0000, 0xDD68, 0xDD68, 0xDD68, 0x0000, 0x0000, 0x0000, 0x0000,
  0xDD68, 0xDD68, 0xDD68, 0xDD68, 0xDD68, 0xDD68, 0xDD68, 0xDD68, 0xDD68, 0xDD68, 0xDD68, 0x0000,
  0x0000, 0x0000, 0x0000, 0x0000, 0x0000, 0x0000, 0xDD68, 0xDD68, 0xDD68, 0xDD68, 0x0000, 0x0000,
  0xDD68, 0xDD68, 0xDD68, 0xDD68, 0xDD68, 0x0000, 0x0000, 0xDD68, 0xDD68, 0xDD68, 0xDD68, 0x0000,
  0x0000, 0x0000, 0x0000, 0x0000, 0x0000, 0x0000, 0xDD68, 0xDD68, 0xDD68, 0xDD68, 0xDD68, 0xDD68,
  0xDD68, 0xDD68, 0xDD68, 0xDD68, 0xDD68, 0x0000, 0x0000, 0x0000, 0x0000, 0xDD68, 0xDD68, 0xDD68,
  0x0000, 0x0000, 0x0000, 0x0000, 0x0000, 0xDD68, 0xDD68, 0xDD68, 0xDD68, 0xDD68, 0xDD68, 0xDD68,
  0xDD68, 0xDD68, 0xDD68, 0xDD68, 0xDD68, 0xDD68, 0xDD68, 0xDD68, 0xDD68, 0xDD68, 0xDD68, 0xDD68,
  0xDD68, 0xDD68, 0xDD68, 0xDD68, 0xDD68, 0xDD68, 0xDD68, 0x0000, 0x0000, 0x0000, 0x0000, 0x0000,
  0x0000, 0xDD68, 0xDD68, 0xDD68, 0xDD68, 0xDD68, 0xDD68, 0x0000, 0x0000, 0x0000, 0x0000, 0x0000,
  0xDD68, 0xDD68, 0xDD68, 0xDD68, 0xDD68, 0xDD68, 0xDD68, 0x0000, 0x0000, 0x0000, 0x0000, 0x0000,
  0x0000, 0xDD68, 0xDD68, 0xDD68, 0xDD68, 0xDD68, 0xDD68, 0xDD68, 0xDD68, 0xDD68, 0xDD68, 0xDD68,
  0xDD68, 0xDD68, 0xDD68, 0xDD68, 0xDD68, 0xDD68, 0xDD68, 0xDD68, 0xDD68, 0xDD68, 0xDD68, 0xDD68,
  0xDD68, 0xDD68, 0xDD68, 0x0000, 0x0000, 0x0000, 0x0000, 0x0000, 0xDD68, 0xDD68, 0xDD68, 0x0000,
  0x0000, 0x0000, 0xDD68, 0xDD68, 0xDD68, 0xDD68, 0xDD68, 0xDD68, 0xDD68, 0xDD68, 0xDD68, 0xDD68,
  0xDD68, 0xDD68, 0x0000, 0x0000, 0x0000, 0x0000, 0x0000, 0x0000, 0xDD68, 0xDD68, 0xDD68, 0xDD68,
  0x0000, 0x0000, 0xDD68, 0xDD68, 0xDD68, 0xDD68, 0xDD68, 0x0000, 0x0000, 0xDD68, 0xDD68, 0xDD68,
  0xDD68, 0x0000, 0x0000, 0x0000, 0x0000, 0x0000, 0x0000, 0xDD68, 0xDD68, 0xDD68, 0xDD68, 0xDD68,
  0xDD68, 0xDD68, 0xDD68, 0xDD68, 0xDD68, 0xDD68, 0xDD68, 0x0000, 0x0000, 0x0000, 0xDD68, 0xDD68,
  0xDD68, 0x0000, 0x0000, 0x0000, 0x0000, 0x0000, 0xDD68, 0xDD68, 0xDD68, 0xDD68, 0xDD68, 0xDD68,
  0xDD68, 0xDD68, 0xDD68, 0xDD68, 0xDD68, 0xDD68, 0xDD68, 0xDD68, 0xDD68, 0xDD68, 0xDD68, 0xDD68,
  0xDD68, 0xDD68, 0xDD68, 0xDD68, 0xDD68, 0xDD68, 0xDD68, 0xDD68, 0x0000, 0x0000, 0x0000, 0x0000,
  0x0000, 0x0000, 0xDD68, 0xDD68, 0xDD68, 0xDD68, 0xDD68, 0xDD68, 0xDD68, 0x0000, 0x0000, 0x0000,
  0x0000, 0x0000, 0xDD68, 0xDD68, 0xDD68, 0xDD68, 0xDD68, 0xDD68, 0xDD68, 0xDD68, 0x0000, 0x0000,
  0x0000, 0x0000, 0x0000, 0x0000, 0xDD68, 0xDD68, 0xDD68, 0xDD68, 0xDD68, 0xDD68, 0xDD68, 0xDD68,
  0xDD68, 0xDD68, 0xDD68, 0xDD68, 0xDD68, 0xDD68, 0xDD68, 0xDD68, 0xDD68, 0xDD68, 0xDD68, 0xDD68,
  0xDD68, 0xDD68, 0xDD68, 0xDD68, 0xDD68, 0xDD68, 0x0000, 0x0000, 0x0000, 0x0000, 0x0000, 0xDD68,
  0xDD68, 0x0000, 0x0000, 0x0000, 0x0000, 0xDD68, 0xDD68, 0xDD68, 0xDD68, 0xDD68, 0xDD68, 0xDD68,
  0xDD68, 0xDD68, 0xDD68, 0xDD68, 0x0000, 0x0000, 0x0000, 0x0000, 0x0000, 0x0000, 0xDD68, 0xDD68,
  0xDD68, 0xDD68, 0x0000, 0x0000, 0xDD68, 0xDD68, 0xDD68, 0xDD68, 0xDD68, 0x0000, 0x0000, 0xDD68,
  0xDD68, 0xDD68, 0xDD68, 0x0000, 0x0000, 0x0000, 0x0000, 0x0000, 0x0000, 0xDD68, 0xDD68, 0xDD68,
  0xDD68, 0xDD68, 0xDD68, 0xDD68, 0xDD68, 0xDD68, 0xDD68, 0xDD68, 0x0000, 0x0000, 0x0000, 0x0000,
  0xDD68, 0xDD68, 0x0000, 0x0000, 0x0000, 0x0000, 0x0000, 0xDD68, 0xDD68, 0xDD68, 0xDD68, 0xDD68,
  0xDD68, 0xDD68, 0xDD68, 0xDD68, 0xDD68, 0xDD68, 0xDD68, 0xDD68, 0xDD68, 0xDD68, 0xDD68, 0xDD68,
  0xDD68, 0xDD68, 0xDD68, 0xDD68, 0xDD68, 0xDD68, 0xDD68, 0xDD68, 0xDD68, 0x0000, 0x0000, 0x0000,
  0x0000, 0x0000, 0x0000, 0xDD68, 0xDD68, 0xDD68, 0xDD68, 0xDD68, 0xDD68, 0xDD68, 0xDD68, 0x0000,
  0x0000, 0x0000, 0x0000, 0x0000, 0xDD68, 0xDD68, 0xDD68, 0xDD68, 0xDD68, 0xDD68, 0xDD68, 0xDD68,
  0xDD68, 0x0000, 0x0000, 0x0000, 0x0000, 0x0000, 0x0000, 0x0000, 0xDD68, 0xDD68, 0xDD68, 0xDD68,
  0xDD68, 0xDD68, 0xDD68, 0xDD68, 0xDD68, 0xDD68, 0xDD68, 0xDD68, 0xDD68, 0xDD68, 0xDD68, 0xDD68,
  0xDD68, 0xDD68, 0xDD68, 0xDD68, 0xDD68, 0xDD68, 0xDD68, 0xDD68, 0xDD68, 0x0000, 0x0000, 0x0000,
  0x0000, 0x0000, 0xDD68, 0x20C1, 0x0000, 0x0000, 0x0000, 0xDD68, 0xDD68, 0xDD68, 0xDD68, 0xDD68,
  0xDD68, 0xDD68, 0xDD68, 0xDD68, 0xDD68, 0xDD68, 0x0000, 0x0000, 0x0000, 0x0000, 0x0000, 0x0000,
  0xDD68, 0xDD68, 0xDD68, 0xDD68, 0x0000, 0x0000, 0xDD68, 0xDD68, 0xDD68, 0xDD68, 0xDD68, 0x0000,
  0x0000, 0xDD68, 0xDD68, 0xDD68, 0xDD68, 0x0000, 0x0000, 0x0000, 0x0000, 0x0000, 0x0000, 0xDD68,
  0xDD68, 0xDD68, 0xDD68, 0xDD68, 0xDD68, 0xDD68, 0xDD68, 0xDD68, 0xDD68, 0xDD68, 0x0000, 0x0000,
  0x0000, 0xDD68, 0xDD68, 0x0000, 0x0000, 0x0000, 0x0000, 0x0000, 0xDD68, 0xDD68, 0xDD68, 0xDD68,
  0xDD68, 0xDD68, 0xDD68, 0xDD68, 0xDD68, 0xDD68, 0xDD68, 0xDD68, 0xDD68, 0xDD68, 0xDD68, 0xDD68,
  0xDD68, 0xDD68, 0xDD68, 0xDD68, 0xDD68, 0xDD68, 0xDD68, 0xDD68, 0xDD68, 0x0000, 0x0000, 0x0000,
  0x0000, 0x0000, 0x0000, 0x0000, 0xDD68, 0xDD68, 0xDD68, 0xDD68, 0xDD68, 0xDD68, 0xDD68, 0xDD68,
  0xDD68, 0x0000, 0x0000, 0x0000, 0x0000, 0x0000, 0xDD68, 0xDD68, 0xDD68, 0xDD68, 0xDD68, 0xDD68,
  0xDD68, 0xDD68, 0xDD68, 0xDD68, 0x0000, 0x0000, 0x0000, 0x0000, 0x0000, 0x0000, 0x0000, 0x0000,
  0xDD68, 0xDD68, 0xDD68, 0xDD68, 0xDD68, 0xDD68, 0xDD68, 0xDD68, 0xDD68, 0xDD68, 0xDD68, 0xDD68,
  0xDD68, 0xDD68, 0xDD68, 0xDD68, 0xDD68, 0xDD68, 0xDD68, 0xDD68, 0xDD68, 0xDD68, 0xDD68, 0xDD68,
  0x0000, 0x0000, 0x0000, 0x0000, 0xDD68, 0xDD68, 0x0000, 0x0000, 0x0000, 0xDD68, 0xDD68, 0xDD68,
  0xDD68, 0xDD68, 0xDD68, 0xDD68, 0xDD68, 0xDD68, 0xDD68, 0xDD68, 0x0000, 0x0000, 0x0000, 0x0000,
  0x0000, 0x0000, 0xDD68, 0xDD68, 0xDD68, 0xDD68, 0x0000, 0x0000, 0xDD68, 0xDD68, 0xDD68, 0xDD68,
  0xDD68, 0x0000, 0x0000, 0xDD68, 0xDD68, 0xDD68, 0xDD68, 0x0000, 0x0000, 0x0000, 0x0000, 0x0000,
  0x0000, 0xDD68, 0xDD68, 0xDD68, 0xDD68, 0xDD68, 0xDD68, 0xDD68, 0xDD68, 0xDD68, 0xDD68, 0xDD68,
  0x0000, 0x0000, 0x0000, 0xDD68, 0xCD28, 0x0000, 0x0000, 0x0000, 0x0000, 0xDD68, 0xDD68, 0xDD68,
  0xDD68, 0xDD68, 0xDD68, 0xDD68, 0xDD68, 0xDD68, 0xDD68, 0xDD68, 0xDD68, 0xDD68, 0xDD68, 0xDD68,
  0xDD68, 0xDD68, 0xDD68, 0xDD68, 0xDD68, 0xDD68, 0xDD68, 0xDD68, 0xDD68, 0x0000, 0x0000, 0x0000,
  0x0000, 0x0000, 0x0000, 0x0000, 0x0000, 0xDD68, 0xDD68, 0xDD68, 0xDD68, 0xDD68, 0xDD68, 0xDD68,
  0xDD68, 0xDD68, 0xDD68, 0x0000, 0x0000, 0x0000, 0x0000, 0x0000, 0xDD68, 0xDD68, 0xDD68, 0xDD68,
  0xDD68, 0xDD68, 0xDD68, 0xDD68, 0xDD68, 0xDD68, 0xDD68, 0x0000, 0x0000, 0x0000, 0x0000, 0x0000,
  0x0000, 0x0000, 0x0000, 0x0000, 0xDD68, 0xDD68, 0xDD68, 0xDD68, 0xDD68, 0xDD68, 0xDD68, 0xDD68,
  0xDD68, 0xDD68, 0xDD68, 0xDD68, 0xDD68, 0xDD68, 0xDD68, 0xDD68, 0xDD68, 0xDD68, 0xDD68, 0xDD68,
  0xDD68, 0xDD68, 0xDD68, 0x0000, 0x0000, 0x0000, 0x0000, 0xDD68, 0x0000, 0x0000, 0x0000, 0xD548,
  0xDD68, 0xDD68, 0xDD68, 0xDD68, 0xDD68, 0xDD68, 0xDD68, 0xDD68, 0xDD68, 0xDD68, 0x0020, 0x0000,
  0x0000, 0x0000, 0x0000, 0x0000, 0xDD68, 0xDD68, 0xDD68, 0xDD68, 0x0000, 0x0000, 0xDD68, 0xDD68,
  0xDD68, 0xDD68, 0xDD68, 0x0000, 0x0000, 0xDD68, 0xDD68, 0xDD68, 0xDD68, 0x0000, 0x0000, 0x0000,
  0x0000, 0x0000, 0x41A2, 0xDD68, 0xDD68, 0xDD68, 0xDD68, 0xDD68, 0xDD68, 0xDD68, 0xDD68, 0xDD68,
  0xDD68, 0x5203, 0x0000, 0x0000, 0x0000, 0xDD68, 0x0000, 0x0000, 0x0000, 0x0000, 0xDD68, 0xDD68,
  0xDD68, 0xDD68, 0xDD68, 0xDD68, 0xDD68, 0xDD68, 0xDD68, 0xDD68, 0xDD68, 0xDD68, 0xDD68, 0xDD68,
  0xDD68, 0xDD68, 0xDD68, 0xDD68, 0xDD68, 0xDD68, 0xDD68, 0xDD68, 0xDD68, 0x0000, 0x0000, 0x0000,
  0x0000, 0x0000, 0x0000, 0x0000, 0x0000, 0x0000, 0xDD68, 0xDD68, 0xDD68, 0xDD68, 0xDD68, 0xDD68,
  0xDD68, 0xDD68, 0xDD68, 0xDD68, 0xDD68, 0x0000, 0x0000, 0x0000, 0x0000, 0x0000, 0x0000, 0xDD68,
  0xDD68, 0xDD68, 0xDD68, 0xDD68, 0xDD68, 0xDD68, 0xDD68, 0xDD68, 0xDD68, 0xDD68, 0xDD68, 0x0000,
  0x0000, 0x0000, 0x0000, 0x0000, 0x0000, 0x0000, 0x0000, 0x0000, 0x0000, 0xDD68, 0xDD68, 0xDD68,
  0xDD68, 0xDD68, 0xDD68, 0xDD68, 0xDD68, 0xDD68, 0xDD68, 0xDD68, 0xDD68, 0xDD68, 0xDD68, 0xDD68,
  0xDD68, 0xDD68, 0xDD68, 0xDD68, 0xDD68, 0xDD68, 0x0000, 0x0000, 0x0000, 0x2901, 0x0000, 0x0000,
  0x0000, 0x0000, 0xDD68, 0xDD68, 0xDD68, 0xDD68, 0xDD68, 0xDD68, 0xDD68, 0xDD68, 0xDD68, 0xDD68,
  0xDD68, 0x0000, 0x0000, 0x0000, 0x0000, 0x0000, 0xDD68, 0xDD68, 0xDD68, 0xDD68, 0x0000, 0x0000,
  0xDD68, 0xDD68, 0xDD68, 0xDD68, 0xDD68, 0x0000, 0x0000, 0xDD68, 0xDD68, 0xDD68, 0xDD68, 0x0000,
  0x0000, 0x0000, 0x0000, 0x0000, 0xDD68, 0xDD68, 0xDD68, 0xDD68, 0xDD68, 0xDD68, 0xDD68, 0xDD68,
  0xDD68, 0xDD68, 0xDD68, 0x0000, 0x0000, 0x0000, 0x0000, 0x0000, 0x0000, 0x0000, 0x0000, 0xDD68,
  0xDD68, 0xDD68, 0xDD68, 0xDD68, 0xDD68, 0xDD68, 0xDD68, 0xDD68, 0xDD68, 0xDD68, 0xDD68, 0xDD68,
  0xDD68, 0xDD68, 0xDD68, 0xDD68, 0xDD68, 0xDD68, 0xDD68, 0xDD68, 0x0000, 0x0000, 0x0000, 0x0000,
  0x0000, 0x0000, 0x0000, 0x0000, 0x0000, 0x0000, 0xDD68, 0xDD68, 0xDD68, 0xDD68, 0xDD68, 0xDD68,
  0xDD68, 0xDD68, 0xDD68, 0xDD68, 0xDD68, 0xDD68, 0x0000, 0x0000, 0x0000, 0x0000, 0x0000, 0x0000,
  0x0000, 0xDD68, 0xDD68, 0xDD68, 0xDD68, 0xDD68, 0xDD68, 0xDD68, 0xDD68, 0xDD68, 0xDD68, 0xDD68,
  0xDD68, 0xDD68, 0xD548, 0x0000, 0x0000, 0x0000, 0x0000, 0x0000, 0x0000, 0x0000, 0x0000, 0x0000,
  0x0000, 0xDD68, 0xDD68, 0xDD68, 0xDD68, 0xDD68, 0xDD68, 0xDD68, 0xDD68, 0xDD68, 0xDD68, 0xDD68,
  0xDD68, 0xDD68, 0xDD68, 0xDD68, 0xDD68, 0xDD68, 0xDD68, 0xDD68, 0x0000, 0x0000, 0x0000, 0x0000,
  0xDD68, 0x0000, 0x0000, 0x0000, 0xDD68, 0xDD68, 0xDD68, 0xDD68, 0xDD68, 0xDD68, 0xDD68, 0xDD68,
  0xDD68, 0xDD68, 0xDD68, 0x0000, 0x0000, 0x0000, 0x0000, 0x0000, 0xDD68, 0xDD68, 0xDD68, 0xDD68,
  0x0000, 0x0000, 0xDD68, 0xDD68, 0xDD68, 0xDD68, 0xDD68, 0x0000, 0x0000, 0xDD68, 0xDD68, 0xDD68,
  0xDD68, 0x0000, 0x0000, 0x0000, 0x0000, 0x0000, 0xDD68, 0xDD68, 0xDD68, 0xDD68, 0xDD68, 0xDD68,
  0xDD68, 0xDD68, 0xDD68, 0xDD68, 0xDD68, 0x0000, 0x0000, 0x0000, 0xDD68, 0x0000, 0x0000, 0x0000,
  0x0000, 0xDD68, 0xDD68, 0xDD68, 0xDD68, 0xDD68, 0xDD68, 0xDD68, 0xDD68, 0xDD68, 0xDD68, 0xDD68,
  0xDD68, 0xDD68, 0xDD68, 0xDD68, 0xDD68, 0xDD68, 0xDD68, 0xDD68, 0x0000, 0x0000, 0x0000, 0x0000,
  0x0000, 0x0000, 0x0000, 0x0000, 0x0000, 0x0000, 0xDD68, 0xDD68, 0xDD68, 0xDD68, 0xDD68, 0xDD68,
  0xDD68, 0xDD68, 0xDD68, 0xDD68, 0xDD68, 0xDD68, 0xDD68, 0xDD68, 0x0000, 0x0000, 0x0000, 0x0000,
  0x0000, 0x0000, 0x0000, 0x0000, 0xDD68, 0xDD68, 0xDD68, 0xDD68, 0xDD68, 0xDD68, 0xDD68, 0xDD68,
  0xDD68, 0xDD68, 0xDD68, 0xDD68, 0xDD68, 0xDD68, 0xDD68, 0x0000, 0x0000, 0x0000, 0x0000, 0x0000,
  0x0000, 0x0000, 0x0000, 0x0000, 0x0000, 0x0000, 0xDD68, 0xDD68, 0xDD68, 0xDD68, 0xDD68, 0xDD68,
  0xDD68, 0xDD68, 0xDD68, 0xDD68, 0xDD68, 0xDD68, 0xDD68, 0xDD68, 0xDD68, 0xDD68, 0xDD68, 0x0000,
  0x0000, 0x0000, 0xDD68, 0x0000, 0x0000, 0x0000, 0xDD68, 0xDD68, 0xDD68, 0xDD68, 0xDD68, 0xDD68,
  0xDD68, 0xDD68, 0xDD68, 0xDD68, 0xDD68, 0x0000, 0x0000, 0x0000, 0x0000, 0x0000, 0xDD68, 0xDD68,
  0xDD68, 0xDD68, 0x0000, 0x0000, 0xDD68, 0xDD68, 0xDD68, 0xDD68, 0xDD68, 0x0000, 0x0000, 0xDD68,
  0xDD68, 0xDD68, 0xDD68, 0x0000, 0x0000, 0x0000, 0x0000, 0x0000, 0xDD68, 0xDD68, 0xDD68, 0xDD68,
  0xDD68, 0xDD68, 0xDD68, 0xDD68, 0xDD68, 0xDD68, 0xDD68, 0x0000, 0x0000, 0x0000, 0xB467, 0x0000,
  0x0000, 0x0000, 0xDD68, 0xDD68, 0xDD68, 0xDD68, 0xDD68, 0xDD68, 0xDD68, 0xDD68, 0xDD68, 0xDD68,
  0xDD68, 0xDD68, 0xDD68, 0xDD68, 0xDD68, 0xDD68, 0xDD68, 0x0000, 0x0000, 0x0000, 0x0000, 0x0000,
  0x0000, 0x0000, 0x0000, 0x0000, 0x0000, 0x0000, 0xDD68, 0xDD68, 0xDD68, 0xDD68, 0xDD68, 0xDD68,
  0xDD68, 0xDD68, 0xDD68, 0xDD68, 0xDD68, 0xDD68, 0xDD68, 0xDD68, 0xDD68, 0x0000, 0x0000, 0x0000,
  0x0000, 0x0000, 0x0000, 0x0000, 0x0000, 0x0000, 0x0000, 0xDD68, 0xDD68, 0xDD68, 0xDD68, 0xDD68,
  0xDD68, 0xDD68, 0xDD68, 0xDD68, 0xDD68, 0xDD68, 0xDD68, 0xDD68, 0xDD68, 0xDD68, 0xDD68, 0xDD68,
  0x0000, 0x0000, 0x0000, 0x0000, 0x0000, 0x0000, 0x0000, 0x0000, 0x0000, 0x0000, 0xDD68, 0xDD68,
  0xDD68, 0xDD68, 0xDD68, 0xDD68, 0xDD68, 0xDD68, 0xDD68, 0xDD68, 0xDD68, 0xDD68, 0xDD68, 0xDD68,
  0xDD68, 0x0000, 0x0000, 0x0000, 0x0000, 0x0000, 0x0000, 0x0000, 0xDD68, 0xDD68, 0xDD68, 0xDD68,
  0xDD68, 0xDD68, 0xDD68, 0xDD68, 0xDD68, 0xDD68, 0xDD68, 0x0000, 0x0000, 0x0000, 0x0000, 0x6AC4,
  0xDD68, 0xDD68, 0xDD68, 0xDD68, 0x0000, 0x0000, 0xDD68, 0xDD68, 0xDD68, 0xDD68, 0xDD68, 0x0000,
  0x0000, 0xDD68, 0xDD68, 0xDD68, 0xDD68, 0x0000, 0x0000, 0x0000, 0x0000, 0x0000, 0xDD68, 0xDD68,
  0xDD68, 0xDD68, 0xDD68, 0xDD68, 0xDD68, 0xDD68, 0xDD68, 0xDD68, 0xDD68, 0x0000, 0x0000, 0x0000,
  0x0000, 0x0000, 0x0000, 0x0000, 0xDD68, 0xDD68, 0xDD68, 0xDD68, 0xDD68, 0xDD68, 0xDD68, 0xDD68,
  0xDD68, 0xDD68, 0xDD68, 0xDD68, 0xDD68, 0xDD68, 0xDD68, 0x0000, 0x0000, 0x0000, 0x0000, 0x0000,
  0x0000, 0x0000, 0x0000, 0x0000, 0x0000, 0xDD68, 0xDD68, 0xDD68, 0xDD68, 0xDD68, 0xDD68, 0xDD68,
  0xDD68, 0xDD68, 0xDD68, 0xDD68, 0xDD68, 0xDD68, 0xDD68, 0xDD68, 0xDD68, 0xDD68, 0x0000, 0x0000,
  0x0000, 0x0000, 0x0000, 0x0000, 0xDD68, 0x0000, 0x0000, 0x0000, 0x0000, 0x3962, 0xDD68, 0xDD68,
  0xDD68, 0xDD68, 0xDD68, 0xDD68, 0xDD68, 0xDD68, 0xDD68, 0xDD68, 0xDD68, 0xDD68, 0xDD68, 0xDD68,
  0xDD68, 0xDD68, 0xDD68, 0xDD68, 0xDD68, 0xDD68, 0x0000, 0x0000, 0x0000, 0x0000, 0x0000, 0x0000,
  0x0000, 0x0000, 0xCD28, 0xDD68, 0xDD68, 0xDD68, 0xDD68, 0xDD68, 0xDD68, 0xDD68, 0xDD68, 0xDD68,
  0xDD68, 0xDD68, 0xDD68, 0xDD68, 0x0000, 0x0000, 0x0000, 0x0000, 0x0000, 0x0000, 0xDD68, 0xDD68,
  0xDD68, 0xDD68, 0xDD68, 0xDD68, 0xDD68, 0xDD68, 0xDD68, 0xDD68, 0xDD68, 0x0000, 0x0000, 0x0000,
  0x0000, 0xDD68, 0xDD68, 0xDD68, 0xDD68, 0xDD68, 0x0000, 0x0000, 0xDD68, 0xDD68, 0xDD68, 0xDD68,
  0xDD68, 0x0000, 0x0000, 0xDD68, 0xDD68, 0xDD68, 0xDD68, 0x5A23, 0x0000, 0x0000, 0x0000, 0x0000,
  0xDD68, 0xDD68, 0xDD68, 0xDD68, 0xDD68, 0xDD68, 0xDD68, 0xDD68, 0xDD68, 0xDD68, 0xDD68, 0x0000,
  0x0000, 0x0000, 0x0000, 0x0000, 0x0000, 0xDD68, 0xDD68, 0xDD68, 0xDD68, 0xDD68, 0xDD68, 0xDD68,
  0xDD68, 0xDD68, 0xDD68, 0xDD68, 0xDD68, 0xDD68, 0xBCA7, 0x0000, 0x0000, 0x0000, 0x0000, 0x0000,
  0x0000, 0x0000, 0x0000, 0xDD68, 0xDD68, 0xDD68, 0xDD68, 0xDD68, 0xDD68, 0xDD68, 0xDD68, 0xDD68,
  0xDD68, 0xDD68, 0xDD68, 0xDD68, 0xDD68, 0xDD68, 0xDD68, 0xDD68, 0xDD68, 0xDD68, 0xDD68, 0x1060,
  0x0000, 0x0000, 0x0000, 0x0000, 0xDD68, 0x3962, 0xDD68, 0x0000, 0x0000, 0x0000, 0x0000, 0x0000,
  0x0000, 0xDD68, 0xDD68, 0xDD68, 0xDD68, 0xDD68, 0xDD68, 0xDD68, 0xDD68, 0xDD68, 0xDD68, 0xDD68,
  0xDD68, 0xDD68, 0xDD68, 0xDD68, 0xDD68, 0xDD68, 0xDD68, 0xDD68, 0xDD68, 0xDD68, 0xDD68, 0x0000,
  0x0000, 0x0000, 0x0000, 0x0000, 0x0000, 0x0000, 0xDD68, 0xDD68, 0xDD68, 0xDD68, 0xDD68, 0xDD68,
  0xDD68, 0xDD68, 0xDD68, 0xDD68, 0xDD68, 0xDD68, 0x0000, 0x0000, 0x0000, 0x0000, 0x0000, 0x0000,
  0xDD68, 0xDD68, 0xDD68, 0xDD68, 0xDD68, 0xDD68, 0xDD68, 0xDD68, 0xDD68, 0xDD68, 0xDD68, 0x0000,
  0x0000, 0x0000, 0x0000, 0xDD68, 0xDD68, 0xDD68, 0xDD68, 0xDD68, 0x0000, 0x0000, 0xDD68, 0xDD68,
  0xDD68, 0xDD68, 0xDD68, 0x0000, 0x0000, 0xDD68, 0xDD68, 0xDD68, 0xDD68, 0xDD68, 0x0000, 0x0000,
  0x0000, 0x0000, 0xDD68, 0xDD68, 0xDD68, 0xDD68, 0xDD68, 0xDD68, 0xDD68, 0xDD68, 0xDD68, 0xDD68,
  0xDD68, 0x0000, 0x0000, 0x0000, 0x0000, 0x0000, 0x0000, 0xDD68, 0xDD68, 0xDD68, 0xDD68, 0xDD68,
  0xDD68, 0xDD68, 0xDD68, 0xDD68, 0xDD68, 0xDD68, 0xDD68, 0x0000, 0x0000, 0x0000, 0x0000, 0x0000,
  0x0000, 0x0000, 0xDD68, 0xDD68, 0xDD68, 0xDD68, 0xDD68, 0xDD68, 0xDD68, 0xDD68, 0xDD68, 0xDD68,
  0xDD68, 0xDD68, 0xDD68, 0xDD68, 0xDD68, 0xDD68, 0xDD68, 0xDD68, 0xDD68, 0xDD68, 0xDD68, 0xDD68,
  0x0000, 0x0000, 0x0000, 0x0000, 0x0000, 0x0000, 0xDD68, 0xAC47, 0xDD68, 0xDD68, 0x0000, 0x0000,
  0x0000, 0x0000, 0x0000, 0x0000, 0xDD68, 0xDD68, 0xDD68, 0xDD68, 0xDD68, 0xDD68, 0xDD68, 0xDD68,
  0xDD68, 0xDD68, 0xDD68, 0xDD68, 0xDD68, 0xDD68, 0xDD68, 0xDD68, 0xDD68, 0xDD68, 0xDD68, 0xDD68,
  0xDD68, 0xDD68, 0xDD68, 0x5223, 0x0000, 0x0000, 0x0000, 0x0000, 0x0000, 0x0000, 0xDD68, 0xDD68,
  0xDD68, 0xDD68, 0xDD68, 0xDD68, 0xDD68, 0xDD68, 0xDD68, 0xDD68, 0xDD68, 0x0000, 0x0000, 0x0000,
  0x0000, 0x0000, 0xDD68, 0xDD68, 0xDD68, 0xDD68, 0xDD68, 0xDD68, 0xDD68, 0xDD68, 0xDD68, 0xDD68,
  0xDD68, 0x0000, 0x0000, 0x0000, 0x0000, 0xDD68, 0xDD68, 0xDD68, 0xDD68, 0xDD68, 0x0000, 0x0020,
  0xDD68, 0xDD68, 0xDD68, 0xDD68, 0xDD68, 0x1060, 0x0000, 0xDD68, 0xDD68, 0xDD68, 0xDD68, 0xDD68,
  0x0000, 0x0000, 0x0000, 0x0000, 0xDD68, 0xDD68, 0xDD68, 0xDD68, 0xDD68, 0xDD68, 0xDD68, 0xDD68,
  0xDD68, 0xDD68, 0xDD68, 0x0000, 0x0000, 0x0000, 0x0000, 0x0000, 0xDD68, 0xDD68, 0xDD68, 0xDD68,
  0xDD68, 0xDD68, 0xDD68, 0xDD68, 0xDD68, 0xDD68, 0xDD68, 0x0000, 0x0000, 0x0000, 0x0000, 0x0000,
  0x0000, 0x3142, 0xDD68, 0xDD68, 0xDD68, 0xDD68, 0xDD68, 0xDD68, 0xDD68, 0xDD68, 0xDD68, 0xDD68,
  0xDD68, 0xDD68, 0xDD68, 0xDD68, 0xDD68, 0xDD68, 0xDD68, 0xDD68, 0xDD68, 0xDD68, 0xDD68, 0xDD68,
  0xDD68, 0x0000, 0x0000, 0x0000, 0x0000, 0x0000, 0x0000, 0xDD68, 0xDD68, 0xD528, 0xDD68, 0xDD68,
  0xDD68, 0x0000, 0x0000, 0x0000, 0x0000, 0x0000, 0x0000, 0xCD08, 0xDD68, 0xDD68, 0xDD68, 0xDD68,
  0xDD68, 0xDD68, 0xDD68, 0xDD68, 0xDD68, 0xDD68, 0xDD68, 0xDD68, 0xDD68, 0xDD68, 0xDD68, 0xDD68,
  0xDD68, 0xDD68, 0xDD68, 0xDD68, 0xDD68, 0xDD68, 0xDD68, 0xC4E8, 0x0000, 0x0000, 0x0000, 0x0000,
  0x0000, 0x3121, 0xDD68, 0xDD68, 0xDD68, 0xDD68, 0xDD68, 0xDD68, 0xDD68, 0xDD68, 0xDD68, 0x0000,
  0x0000, 0x0000, 0x0000, 0x0000, 0xDD68, 0xDD68, 0xDD68, 0xDD68, 0xDD68, 0xDD68, 0xDD68, 0xDD68,
  0xDD68, 0xDD68, 0xDD68, 0x0000, 0x0000, 0x0000, 0x0000, 0xDD68, 0xDD68, 0xDD68, 0xDD68, 0xDD68,
  0x0000, 0x49C3, 0xDD68, 0xDD68, 0xDD68, 0xDD68, 0xDD68, 0x5203, 0x0000, 0xDD68, 0xDD68, 0xDD68,
  0xDD68, 0xDD68, 0x0000, 0x0000, 0x0000, 0x0000, 0xDD68, 0xDD68, 0xDD68, 0xDD68, 0xDD68, 0xDD68,
  0xDD68, 0xDD68, 0xDD68, 0xDD68, 0xDD68, 0x0000, 0x0000, 0x0000, 0x0000, 0x0000, 0xDD68, 0xDD68,
  0xDD68, 0xDD68, 0xDD68, 0xDD68, 0xDD68, 0xDD68, 0xDD68, 0x1880, 0x0000, 0x0000, 0x0000, 0x0000,
  0x0000, 0xB487, 0xDD68, 0xDD68, 0xDD68, 0xDD68, 0xDD68, 0xDD68, 0xDD68, 0xDD68, 0xDD68, 0xDD68,
  0xDD68, 0xDD68, 0xDD68, 0xDD68, 0xDD68, 0xDD68, 0xDD68, 0xDD68, 0xDD68, 0xDD68, 0xDD68, 0xDD68,
  0xDD68, 0x8B85, 0x0000, 0x0000, 0x0000, 0x0000, 0x0000, 0x0000, 0xDD68, 0xDD68, 0xDD68, 0xA406,
  0xDD68, 0xDD68, 0xDD68, 0xDD68, 0x0000, 0x0000, 0x0000, 0x0000, 0x0000, 0x0000, 0x0000, 0xD568,
  0xDD68, 0xDD68, 0xDD68, 0xDD68, 0xDD68, 0xDD68, 0xDD68, 0xDD68, 0xDD68, 0xDD68, 0xDD68, 0xDD68,
  0xDD68, 0xDD68, 0xDD68, 0xDD68, 0xDD68, 0xDD68, 0xDD68, 0xDD68, 0xDD68, 0xDD68, 0xDD68, 0x1880,
  0x0000, 0x0000, 0x0000, 0x0000, 0x0000, 0xDD68, 0xDD68, 0xDD68, 0xDD68, 0xDD68, 0xDD68, 0xDD68,
  0xDD68, 0x0000, 0x0000, 0x0000, 0x0000, 0x0000, 0xDD68, 0xDD68, 0xDD68, 0xDD68, 0xDD68, 0xDD68,
  0xDD68, 0xDD68, 0xDD68, 0xDD68, 0xDD68, 0x0000, 0x0000, 0x0000, 0x0000, 0xDD68, 0xDD68, 0xDD68,
  0xDD68, 0xDD68, 0x0000, 0x8B85, 0xDD68, 0xDD68, 0xDD68, 0xDD68, 0xDD68, 0x9BE6, 0x0000, 0xDD68,
  0xDD68, 0xDD68, 0xDD68, 0xDD68, 0x0000, 0x0000, 0x0000, 0x0000, 0xDD68, 0xDD68, 0xDD68, 0xDD68,
  0xDD68, 0xDD68, 0xDD68, 0xDD68, 0xDD68, 0xDD68, 0xDD68, 0x0000, 0x0000, 0x0000, 0x0000, 0x0000,
  0xDD68, 0xDD68, 0xDD68, 0xDD68, 0xDD68, 0xDD68, 0xDD68, 0xDD68, 0x0000, 0x0000, 0x0000, 0x0000,
  0x0000, 0x0840, 0xDD68, 0xDD68, 0xDD68, 0xDD68, 0xDD68, 0xDD68, 0xDD68, 0xDD68, 0xDD68, 0xDD68,
  0xDD68, 0xDD68, 0xDD68, 0xDD68, 0xDD68, 0xDD68, 0xDD68, 0xDD68, 0xDD68, 0xDD68, 0xDD68, 0xDD68,
  0xDD68, 0xAC47, 0x0000, 0x0000, 0x0000, 0x0000, 0x0000, 0x0000, 0x0000, 0xDD68, 0xDD68, 0xDD68,
  0xDD68, 0x2901, 0xDD68, 0xDD68, 0xDD68, 0xDD68, 0xDD68, 0x0000, 0x0000, 0x0000, 0x0000, 0x0000,
  0x0000, 0x0000, 0x0000, 0x0000, 0x8B85, 0xDD68, 0xDD68, 0xDD68, 0xDD68, 0xDD68, 0xDD68, 0xDD68,
  0xDD68, 0xDD68, 0xDD68, 0xDD68, 0xDD68, 0xDD68, 0xDD68, 0xDD68, 0xDD68, 0xDD68, 0xDD68, 0xDD68,
  0xDD68, 0xDD68, 0xDD68, 0x0000, 0x0000, 0x0000, 0x0000, 0x0000, 0xDD68, 0xDD68, 0xDD68, 0xDD68,
  0xDD68, 0xDD68, 0xDD68, 0xDD68, 0x0000, 0x0000, 0x0000, 0x0000, 0xDD68, 0xDD68, 0xDD68, 0xDD68,
  0xDD68, 0xDD68, 0xDD68, 0xDD68, 0xDD68, 0xDD68, 0x0000, 0x0000, 0x0000, 0x0000, 0x0000, 0xDD68,
  0xDD68, 0xDD68, 0xDD68, 0xDD68, 0x0000, 0xDD68, 0xDD68, 0xDD68, 0xDD68, 0xDD68, 0xDD68, 0xDD68,
  0x0000, 0xDD68, 0xDD68, 0xDD68, 0xDD68, 0xDD68, 0x0000, 0x0000, 0x0000, 0x0000, 0x3962, 0xDD68,
  0xDD68, 0xDD68, 0xDD68, 0xDD68, 0xDD68, 0xDD68, 0xDD68, 0xDD68, 0xDD68, 0x0000, 0x0000, 0x0000,
  0x0000, 0xDD68, 0xDD68, 0xDD68, 0xDD68, 0xDD68, 0xDD68, 0xDD68, 0xDD68, 0x0000, 0x0000, 0x0000,
  0x0000, 0x0000, 0xDD68, 0xDD68, 0xDD68, 0xDD68, 0xDD68, 0xDD68, 0xDD68, 0xDD68, 0xDD68, 0xDD68,
  0xDD68, 0xDD68, 0xDD68, 0xDD68, 0xDD68, 0xDD68, 0xDD68, 0xDD68, 0xDD68, 0xDD68, 0xDD68, 0xDD68,
  0x49E3, 0x0000, 0x0000, 0x0000, 0x0000, 0x0000, 0x0000, 0x0000, 0x0000, 0x0000, 0xDD68, 0xDD68,
  0xDD68, 0xDD68, 0xDD68, 0x0000, 0xDD68, 0xDD68, 0xDD68, 0xDD68, 0xDD68, 0xDD68, 0xBCA7, 0x0000,
  0x0000, 0x0000, 0x0000, 0x0000, 0x0000, 0x0000, 0x0000, 0x0000, 0x0000, 0x0000, 0x0000, 0x0000,
  0x0000, 0x0000, 0x0000, 0x0000, 0x0000, 0x0000, 0x0000, 0x0000, 0x0000, 0x0000, 0x0000, 0x0000,
  0x0000, 0x0000, 0x2921, 0xDD68, 0xDD68, 0xDD68, 0xDD68, 0x0000, 0x0000, 0x0000, 0x0000, 0xDD68,
  0xDD68, 0xDD68, 0xDD68, 0xDD68, 0xDD68, 0xDD68, 0x0000, 0x0000, 0x0000, 0x0000, 0xDD68, 0xDD68,
  0xDD68, 0xDD68, 0xDD68, 0xDD68, 0xDD68, 0xDD68, 0xDD68, 0xDD68, 0x0000, 0x0000, 0x0000, 0x0000,
  0x0000, 0xDD68, 0xDD68, 0xDD68, 0xDD68, 0xDD68, 0x0000, 0xDD68, 0xDD68, 0xDD68, 0xDD68, 0xDD68,
  0xDD68, 0xDD68, 0x0000, 0xDD68, 0xDD68, 0xDD68, 0xDD68, 0xDD68, 0x0000, 0x0000, 0x0000, 0x0000,
  0x0000, 0xDD68, 0xDD68, 0xDD68, 0xDD68, 0xDD68, 0xDD68, 0xDD68, 0xDD68, 0xDD68, 0xDD68, 0x0000,
  0x0000, 0x0000, 0x0000, 0xDD68, 0xDD68, 0xDD68, 0xDD68, 0xDD68, 0xDD68, 0xDD68, 0x0000, 0x0000,
  0x0000, 0x0000, 0xDD68, 0xDD68, 0xDD68, 0xDD68, 0x3142, 0x0000, 0x0000, 0x0000, 0x0000, 0x0000,
  0x0000, 0x0000, 0x0000, 0x0000, 0x0000, 0x0000, 0x0000, 0x0000, 0x0000, 0x0000, 0x0000, 0x0000,
  0x0000, 0x0000, 0x0000, 0x0000, 0x0000, 0x0000, 0x0000, 0x0000, 0x0000, 0x0000, 0xD568, 0xDD68,
  0xDD68, 0xDD68, 0xDD68, 0xDD68, 0xDD68, 0x0000, 0xDD68, 0xDD68, 0xDD68, 0xDD68, 0xDD68, 0xDD68,
  0xDD68, 0xDD68, 0x0000, 0x0000, 0x0000, 0x0000, 0x0000, 0x0000, 0x0000, 0x0000, 0x0000, 0x0000,
  0x0000, 0x0000, 0x0000, 0x0000, 0x0000, 0x0000, 0x0000, 0x0000, 0x0000, 0x0000, 0x0000, 0x0000,
  0x0000, 0x0000, 0x0000, 0x0000, 0x0000, 0x0000, 0x0000, 0x0000, 0xDD68, 0xDD68, 0x0000, 0x0000,
  0x0000, 0x0000, 0xDD68, 0xDD68, 0xDD68, 0xDD68, 0xDD68, 0xDD68, 0x0000, 0x0000, 0x0000, 0x0000,
  0xDD68, 0xDD68, 0xDD68, 0xDD68, 0xDD68, 0xDD68, 0xDD68, 0xDD68, 0xDD68, 0xDD68, 0x0000, 0x0000,
  0x0000, 0x0000, 0x0000, 0xDD68, 0xDD68, 0xDD68, 0xDD68, 0xDD68, 0x0000, 0xDD68, 0xDD68, 0xDD68,
  0xDD68, 0xDD68, 0xDD68, 0xDD68, 0x0000, 0xDD68, 0xDD68, 0xDD68, 0xDD68, 0xDD68, 0x0000, 0x0000,
  0x0000, 0x0000, 0x0000, 0xDD68, 0xDD68, 0xDD68, 0xDD68, 0xDD68, 0xDD68, 0xDD68, 0xDD68, 0xDD68,
  0xDD68, 0x0000, 0x0000, 0x0000, 0x0000, 0xDD68, 0xDD68, 0xDD68, 0xDD68, 0xDD68, 0xDD68, 0x0000,
  0x0000, 0x0000, 0x0000, 0xDD68, 0xDD68, 0x0000, 0x0000, 0x0000, 0x0000, 0x0000, 0x0000, 0x0000,
  0x0000, 0x0000, 0x0000, 0x0000, 0x0000, 0x0000, 0x0000, 0x0000, 0x0000, 0x0000, 0x0000, 0x0000,
  0x0000, 0x0000, 0x0000, 0x0000, 0x0000, 0x0000, 0x0000, 0x0000, 0x0000, 0x0000, 0x0000, 0xDD68,
  0xDD68, 0xDD68, 0xDD68, 0xDD68, 0xDD68, 0xDD68, 0xDD68, 0x0000, 0xDD68, 0xDD68, 0xDD68, 0xDD68,
  0xDD68, 0xDD68, 0xDD68, 0xDD68, 0xDD68, 0xDD68, 0x0000, 0x0000, 0x0000, 0x0000, 0x0000, 0x0000,
  0x0000, 0x0000, 0x0000, 0x0000, 0x0000, 0x0000, 0x0000, 0x0000, 0x0000, 0x0000, 0x0000, 0x0000,
  0x0000, 0x0000, 0x0000, 0x0000, 0x0000, 0x0000, 0x0000, 0x0000, 0x0000, 0x0000, 0x0000, 0x0000,
  0xDD68, 0x0000, 0x0000, 0x0000, 0x0000, 0xDD68, 0xDD68, 0xDD68, 0xDD68, 0xDD68, 0x0000, 0x0000,
  0x0000, 0xDD68, 0xDD68, 0xDD68, 0xDD68, 0xDD68, 0xDD68, 0xDD68, 0xDD68, 0xDD68, 0xDD68, 0xDD68,
  0x0000, 0x0000, 0x0000, 0x0000, 0x0000, 0xDD68, 0xDD68, 0xDD68, 0xDD68, 0xDD68, 0x0000, 0xDD68,
  0xDD68, 0xDD68, 0xDD68, 0xDD68, 0xDD68, 0xDD68, 0x0000, 0xDD68, 0xDD68, 0xDD68, 0xDD68, 0xDD68,
  0x0000, 0x0000, 0x0000, 0x0000, 0x0000, 0xDD68, 0xDD68, 0xDD68, 0xDD68, 0xDD68, 0xDD68, 0xDD68,
  0xDD68, 0xDD68, 0xDD68, 0xDD68, 0x0000, 0x0000, 0x0000, 0xDD68, 0xDD68, 0xDD68, 0xDD68, 0xDD68,
  0x0000, 0x0000, 0x0000, 0x0000, 0xDD68, 0x0000, 0x0000, 0x0000, 0x0000, 0x0000, 0x0000, 0x0000,
  0x0000, 0x0000, 0x0000, 0x0000, 0x0000, 0x0000, 0x0000, 0x0000, 0x0000, 0x0000, 0x0000, 0x0000,
  0x0000, 0x0000, 0x0000, 0x0000, 0x0000, 0x0000, 0x0000, 0x0000, 0x0000, 0x0000, 0x0000, 0xDD68,
  0xDD68, 0xDD68, 0xDD68, 0xDD68, 0xDD68, 0xDD68, 0xDD68, 0xDD68, 0xDD68, 0x0000, 0xDD68, 0xDD68,
  0xDD68, 0xDD68, 0xDD68, 0xDD68, 0xDD68, 0xDD68, 0xDD68, 0xDD68, 0xDD68, 0xDD68, 0xDD68, 0x0000,
  0x0000, 0x0000, 0x0000, 0x0000, 0x0000, 0x0000, 0x0000, 0x0000, 0x0000, 0x0000, 0x0000, 0x0000,
  0x0000, 0xAC47, 0xDD68, 0xDD68, 0x8365, 0x0000, 0x0000, 0x0000, 0x0000, 0x0000, 0x0000, 0x0000,
  0x0000, 0x0000, 0x0000, 0x8345, 0x0000, 0x0000, 0x0000, 0xDD68, 0xDD68, 0xDD68, 0xDD68, 0xDD68,
  0x0000, 0x0000, 0x0000, 0xDD68, 0xDD68, 0xDD68, 0xDD68, 0xDD68, 0xDD68, 0xDD68, 0xDD68, 0xDD68,
  0xDD68, 0x0000, 0x0000, 0x0000, 0x0000, 0x0000, 0x0000, 0xDD68, 0xDD68, 0xDD68, 0xDD68, 0xDD68,
  0x0000, 0xDD68, 0xDD68, 0xDD68, 0xDD68, 0xDD68, 0xDD68, 0xDD68, 0x0000, 0xDD68, 0xDD68, 0xDD68,
  0xDD68, 0xDD68, 0x0000, 0x0000, 0x0000, 0x0000, 0x0000, 0x0000, 0xDD68, 0xDD68, 0xDD68, 0xDD68,
  0xDD68, 0xDD68, 0xDD68, 0xDD68, 0xDD68, 0xDD68, 0x0000, 0x0000, 0x0000, 0xDD68, 0xDD68, 0xDD68,
  0xDD68, 0xDD68, 0x0000, 0x0000, 0x0000, 0x6263, 0x0000, 0x0000, 0x0000, 0x0000, 0x0000, 0x0000,
  0x0000, 0x0000, 0x0000, 0x0000, 0x7B25, 0xDD68, 0xDD68, 0xAC67, 0x0000, 0x0000, 0x0000, 0x0000,
  0x0000, 0x0000, 0x0000, 0x0000, 0x0000, 0x0000, 0x0000, 0x0000, 0x0000, 0x0000, 0xDD68, 0xDD68,
  0xDD68, 0xDD68, 0xDD68, 0xDD68, 0xDD68, 0xDD68, 0xDD68, 0xDD68, 0xDD68, 0xDD68, 0xDD68, 0x0000,
  0x0000, 0xDD68, 0xDD68, 0xDD68, 0xDD68, 0xDD68, 0xDD68, 0xDD68, 0xDD68, 0xDD68, 0xDD68, 0xDD68,
  0xDD68, 0xDD68, 0xDD68, 0xDD68, 0xDD68, 0xDD68, 0xDD68, 0xDD68, 0xDD68, 0xDD68, 0xDD68, 0xDD68,
  0xDD68, 0xDD68, 0xDD68, 0xDD68, 0xDD68, 0xDD68, 0xDD68, 0xDD68, 0xDD68, 0xDD68, 0xDD68, 0x3982,
  0x0000, 0x0000, 0x0000, 0x0000, 0x0000, 0x0000, 0x0000, 0x0000, 0x0000, 0x0000, 0xDD68, 0xDD68,
  0xDD68, 0xDD68, 0x8345, 0x0000, 0x0000, 0xDD68, 0xDD68, 0xDD68, 0xDD68, 0xDD68, 0xDD68, 0xDD68,
  0xDD68, 0xDD68, 0xDD68, 0x0000, 0x0000, 0x0000, 0x0000, 0x0000, 0x0000, 0xDD68, 0xDD68, 0xDD68,
  0xDD68, 0xDD68, 0x0000, 0xDD68, 0xDD68, 0xDD68, 0xDD68, 0xDD68, 0xDD68, 0xDD68, 0x0000, 0xDD68,
  0xDD68, 0xDD68, 0xDD68, 0xDD68, 0x0000, 0x0000, 0x0000, 0x0000, 0x0000, 0x0000, 0xDD68, 0xDD68,
  0xDD68, 0xDD68, 0xDD68, 0xDD68, 0xDD68, 0xDD68, 0xDD68, 0xDD68, 0x0000, 0x0000, 0xDD68, 0xDD68,
  0xDD68, 0xDD68, 0xDD68, 0x0000, 0x0000, 0x0000, 0x0000, 0x0000, 0x0000, 0x0000, 0x0000, 0x0000,
  0x0000, 0x3142, 0xDD68, 0xDD68, 0xDD68, 0xDD68, 0xDD68, 0xDD68, 0xDD68, 0xDD68, 0xDD68, 0xDD68,
  0xDD68, 0xDD68, 0xDD68, 0xDD68, 0xDD68, 0xDD68, 0xDD68, 0xDD68, 0xDD68, 0xDD68, 0xDD68, 0xDD68,
  0xDD68, 0xDD68, 0xDD68, 0xDD68, 0xDD68, 0xDD68, 0xDD68, 0xDD68, 0xDD68, 0xDD68, 0xDD68, 0xDD68,
  0x0000, 0x0000, 0x0000, 0xDD68, 0xDD68, 0xDD68, 0xDD68, 0xDD68, 0xDD68, 0xDD68, 0xDD68, 0xDD68,
  0xDD68, 0xDD68, 0xDD68, 0xDD68, 0xDD68, 0xDD68, 0xDD68, 0xDD68, 0xDD68, 0xDD68, 0xDD68, 0xDD68,
  0xDD68, 0xDD68, 0xDD68, 0xDD68, 0xDD68, 0xDD68, 0xDD68, 0xDD68, 0xDD68, 0xDD68, 0xDD68, 0xDD68,
  0xDD68, 0xDD68, 0xDD68, 0xDD68, 0x0000, 0x0000, 0x0000, 0x0000, 0x0000, 0x0000, 0x0000, 0x0000,
  0xDD68, 0xDD68, 0xDD68, 0xDD68, 0xDD68, 0x0000, 0x0000, 0xDD68, 0xDD68, 0xDD68, 0xDD68, 0xDD68,
  0xDD68, 0xDD68, 0xDD68, 0xDD68, 0x0000, 0x0000, 0x0000, 0x0000, 0x0000, 0x0000, 0x0000, 0xDD68,
  0xDD68, 0xDD68, 0xDD68, 0xDD68, 0x0000, 0xDD68, 0xDD68, 0xDD68, 0xDD68, 0xDD68, 0xDD68, 0xDD68,
  0x0000, 0xDD68, 0xDD68, 0xDD68, 0xDD68, 0xDD68, 0x0000, 0x0000, 0x0000, 0x0000, 0x0000, 0x0000,
  0x0000, 0xDD68, 0xDD68, 0xDD68, 0xDD68, 0xDD68, 0xDD68, 0xDD68, 0xDD68, 0xDD68, 0x0000, 0x0000,
  0xDD68, 0xDD68, 0xDD68, 0xDD68, 0xDD68, 0x0000, 0x0000, 0x0000, 0x0000, 0x0000, 0x0000, 0x0000,
  0x0000, 0xDD68, 0xDD68, 0xDD68, 0xDD68, 0xDD68, 0xDD68, 0xDD68, 0xDD68, 0xDD68, 0xDD68, 0xDD68,
  0xDD68, 0xDD68, 0xDD68, 0xDD68, 0xDD68, 0xDD68, 0xDD68, 0xDD68, 0xDD68, 0xDD68, 0xDD68, 0xDD68,
  0xDD68, 0xDD68, 0xDD68, 0xDD68, 0xDD68, 0xDD68, 0xDD68, 0xDD68, 0xDD68, 0xDD68, 0xDD68, 0xDD68,
  0xDD68, 0xDD68, 0x0000, 0x0000, 0x0000, 0xDD68, 0xDD68, 0xDD68, 0xDD68, 0xDD68, 0xDD68, 0xDD68,
  0xDD68, 0xDD68, 0xDD68, 0xDD68, 0xDD68, 0xDD68, 0xDD68, 0xDD68, 0xDD68, 0xDD68, 0xDD68, 0xDD68,
  0xDD68, 0xDD68, 0xDD68, 0xDD68, 0xDD68, 0xDD68, 0xDD68, 0xDD68, 0xDD68, 0xDD68, 0xDD68, 0xDD68,
  0xDD68, 0xDD68, 0xDD68, 0xDD68, 0xDD68, 0xDD68, 0xDD68, 0xDD68, 0x0000, 0x0000, 0x0000, 0x0000,
  0x0000, 0x0000, 0x0000, 0xDD68, 0xDD68, 0xDD68, 0xDD68, 0x0000, 0xDD68, 0xDD68, 0xDD68, 0xDD68,
  0xDD68, 0xDD68, 0xDD68, 0xDD68, 0xDD68, 0xDD68, 0x0000, 0x0000, 0x0000, 0x0000, 0x0000, 0x0000,
  0x7B25, 0xDD68, 0xDD68, 0xDD68, 0xDD68, 0xDD68, 0x0000, 0xDD68, 0xDD68, 0xDD68, 0xDD68, 0xDD68,
  0xDD68, 0xDD68, 0x0000, 0xDD68, 0xDD68, 0xDD68, 0xDD68, 0xDD68, 0x0000, 0x0000, 0x0000, 0x0000,
  0x0000, 0x0000, 0x0000, 0xDD68, 0xDD68, 0xDD68, 0xDD68, 0xDD68, 0xDD68, 0xDD68, 0xDD68, 0xDD68,
  0xDD68, 0x0000, 0xDD68, 0xDD68, 0xDD68, 0xDD68, 0x0000, 0x0000, 0x0000, 0x0000, 0x0000, 0x0000,
  0x0000, 0xDD68, 0xDD68, 0xDD68, 0xDD68, 0xDD68, 0xDD68, 0xDD68, 0xDD68, 0xDD68, 0xDD68, 0xDD68,
  0xDD68, 0xDD68, 0xDD68, 0xDD68, 0xDD68, 0xDD68, 0xDD68, 0xDD68, 0xDD68, 0xDD68, 0xDD68, 0xDD68,
  0xDD68, 0xDD68, 0xDD68, 0xDD68, 0xDD68, 0xDD68, 0xDD68, 0xDD68, 0xDD68, 0xDD68, 0xDD68, 0xDD68,
  0xDD68, 0xDD68, 0xDD68, 0xDD68, 0x0000, 0x0000, 0x0000, 0x0000, 0xDD68, 0xDD68, 0xDD68, 0xDD68,
  0xDD68, 0xDD68, 0xDD68, 0xDD68, 0xDD68, 0xDD68, 0xDD68, 0xDD68, 0xDD68, 0xDD68, 0xDD68, 0xDD68,
  0xDD68, 0xDD68, 0xDD68, 0xDD68, 0xDD68, 0xDD68, 0xDD68, 0xDD68, 0xDD68, 0xDD68, 0xDD68, 0xDD68,
  0xDD68, 0xDD68, 0xDD68, 0xDD68, 0xDD68, 0xDD68, 0xDD68, 0xDD68, 0xDD68, 0xDD68, 0xDD68, 0x0000,
  0x0000, 0x0000, 0x0000, 0x0000, 0x0000, 0xDD68, 0xDD68, 0xDD68, 0xDD68, 0x0000, 0xDD68, 0xDD68,
  0xDD68, 0xDD68, 0xDD68, 0xDD68, 0xDD68, 0xDD68, 0xDD68, 0x0000, 0x0000, 0x0000, 0x0000, 0x0000,
  0x0000, 0x0000, 0xDD68, 0xDD68, 0xDD68, 0xDD68, 0xDD68, 0xDD68, 0x0000, 0xDD68, 0xDD68, 0xDD68,
  0xDD68, 0xDD68, 0xDD68, 0xDD68, 0x0000, 0xDD68, 0xDD68, 0xDD68, 0xDD68, 0xDD68, 0x7304, 0x0000,
  0x0000, 0x0000, 0x0000, 0x0000, 0x0000, 0x0000, 0xDD68, 0xDD68, 0xDD68, 0xDD68, 0xDD68, 0xDD68,
  0xDD68, 0xDD68, 0xDD68, 0x0000, 0xDD68, 0xDD68, 0xDD68, 0xDD68, 0x0000, 0x0000, 0x0000, 0x0000,
  0x0000, 0x0000, 0xDD68, 0xDD68, 0xDD68, 0xDD68, 0xDD68, 0xDD68, 0xDD68, 0xDD68, 0xDD68, 0xDD68,
  0xDD68, 0xDD68, 0xDD68, 0xDD68, 0xDD68, 0xDD68, 0xDD68, 0xDD68, 0xDD68, 0xDD68, 0xDD68, 0xDD68,
  0xDD68, 0xDD68, 0xDD68, 0xDD68, 0xDD68, 0xDD68, 0xDD68, 0xDD68, 0xDD68, 0xDD68, 0xDD68, 0xDD68,
  0xDD68, 0xDD68, 0xDD68, 0xDD68, 0xDD68, 0x0000, 0x0000, 0x0000, 0x0000, 0x0000, 0xDD68, 0xDD68,
  0xDD68, 0xDD68, 0xDD68, 0xDD68, 0xDD68, 0xDD68, 0xDD68, 0xDD68, 0xDD68, 0xDD68, 0xDD68, 0xDD68,
  0xDD68, 0xDD68, 0xDD68, 0xDD68, 0xDD68, 0xDD68, 0xDD68, 0xDD68, 0xDD68, 0xDD68, 0xDD68, 0xDD68,
  0xDD68, 0xDD68, 0xDD68, 0xDD68, 0xDD68, 0xDD68, 0xDD68, 0xDD68, 0xDD68, 0xDD68, 0xDD68, 0xDD68,
  0xDD68, 0xDD68, 0x0000, 0x0000, 0x0000, 0x0000, 0x0000, 0xDD68, 0xDD68, 0xDD68, 0xDD68, 0x0000,
  0xDD68, 0xDD68, 0xDD68, 0xDD68, 0xDD68, 0xDD68, 0xDD68, 0xDD68, 0xDD68, 0x0000, 0x0000, 0x0000,
  0x0000, 0x0000, 0x0000, 0x0000, 0xDD68, 0xDD68, 0xDD68, 0xDD68, 0xDD68, 0xDD68, 0x0000, 0xDD68,
  0xDD68, 0xDD68, 0xDD68, 0xDD68, 0xDD68, 0xDD68, 0x0000, 0xDD68, 0xDD68, 0xDD68, 0xDD68, 0xDD68,
  0xDD68, 0x0000, 0x0000, 0x0000, 0x0000, 0x0000, 0x0000, 0x0000, 0xDD68, 0xDD68, 0xDD68, 0xDD68,
  0xDD68, 0xDD68, 0xDD68, 0xDD68, 0xDD68, 0x0000, 0xDD68, 0xDD68, 0xDD68, 0xDD68, 0x0000, 0x0000,
  0x0000, 0x0000, 0x0000, 0xDD68, 0xDD68, 0xDD68, 0xDD68, 0xDD68, 0xDD68, 0xDD68, 0xDD68, 0xDD68,
  0xDD68, 0xDD68, 0xDD68, 0xDD68, 0xDD68, 0xDD68, 0xDD68, 0xDD68, 0xDD68, 0xDD68, 0xDD68, 0xDD68,
  0xDD68, 0xDD68, 0xDD68, 0xDD68, 0xDD68, 0xDD68, 0xDD68, 0xDD68, 0xDD68, 0xDD68, 0xDD68, 0xDD68,
  0xDD68, 0xDD68, 0xDD68, 0xDD68, 0xDD68, 0xDD68, 0xDD68, 0x0000, 0x0000, 0x0000, 0x0000, 0x0000,
  0x0000, 0xDD68, 0xDD68, 0xDD68, 0xDD68, 0xDD68, 0xDD68, 0xDD68, 0xDD68, 0xDD68, 0xDD68, 0xDD68,
  0xDD68, 0xDD68, 0xDD68, 0xDD68, 0xDD68, 0xDD68, 0xDD68, 0xDD68, 0xDD68, 0xDD68, 0xDD68, 0xDD68,
  0xDD68, 0xDD68, 0xDD68, 0xDD68, 0xDD68, 0xDD68, 0xDD68, 0xDD68, 0xDD68, 0xDD68, 0xDD68, 0xDD68,
  0xDD68, 0xDD68, 0xDD68, 0xDD68, 0xDD68, 0x0000, 0x0000, 0x0000, 0x0000, 0xDD68, 0xDD68, 0xDD68,
  0x72E4, 0xDD68, 0xDD68, 0xDD68, 0xDD68, 0xDD68, 0xDD68, 0xDD68, 0xDD68, 0xDD68, 0x0000, 0x0000,
  0x0000, 0x0000, 0x0000, 0x0000, 0x0000, 0x0000, 0xDD68, 0xDD68, 0xDD68, 0xDD68, 0xDD68, 0xDD68,
  0x0000, 0xDD68, 0xDD68, 0xDD68, 0xDD68, 0xDD68, 0xDD68, 0xDD68, 0x0000, 0xDD68, 0xDD68, 0xDD68,
  0xDD68, 0xDD68, 0xDD68, 0x0000, 0x0000, 0x0000, 0x0000, 0x0000, 0x0000, 0x0000, 0x0000, 0xDD68,
  0xDD68, 0xDD68, 0xDD68, 0xDD68, 0xDD68, 0xDD68, 0xDD68, 0xDD68, 0xDD68, 0xDD68, 0xDD68, 0xDD68,
  0x0000, 0x0000, 0x0000, 0x1060, 0xDD68, 0xDD68, 0xDD68, 0xDD68, 0xDD68, 0xDD68, 0xDD68, 0xDD68,
  0xDD68, 0xDD68, 0xDD68, 0xDD68, 0xDD68, 0xDD68, 0xDD68, 0xDD68, 0xDD68, 0xDD68, 0xDD68, 0xDD68,
  0xDD68, 0xDD68, 0xDD68, 0xDD68, 0xDD68, 0xDD68, 0xDD68, 0xDD68, 0xDD68, 0xDD68, 0xDD68, 0xDD68,
  0xDD68, 0xDD68, 0xDD68, 0xDD68, 0xDD68, 0xDD68, 0xDD68, 0xDD68, 0x0000, 0x0000, 0x0000, 0x0000,
  0x0000, 0x0000, 0x0000, 0x0000, 0xDD68, 0xDD68, 0xDD68, 0xDD68, 0xDD68, 0xDD68, 0xDD68, 0xDD68,
  0xDD68, 0xDD68, 0xDD68, 0xDD68, 0xDD68, 0xDD68, 0xDD68, 0xDD68, 0xDD68, 0xDD68, 0xDD68, 0xDD68,
  0xDD68, 0xDD68, 0xDD68, 0xDD68, 0xDD68, 0xDD68, 0xDD68, 0xDD68, 0xDD68, 0xDD68, 0xDD68, 0xDD68,
  0xDD68, 0xDD68, 0xDD68, 0xDD68, 0xDD68, 0xDD68, 0xDD68, 0xDD68, 0x0000, 0x0000, 0x0000, 0xDD68,
  0xDD68, 0xDD68, 0x0000, 0xDD68, 0xDD68, 0xDD68, 0xDD68, 0xDD68, 0xDD68, 0xDD68, 0xDD68, 0x0000,
  0x0000, 0x0000, 0x0000, 0x0000, 0x0000, 0x0000, 0x0000, 0x0000, 0xDD68, 0xDD68, 0xDD68, 0xDD68,
  0xDD68, 0xDD68, 0x0000, 0xDD68, 0xDD68, 0xDD68, 0xDD68, 0xDD68, 0xDD68, 0xDD68, 0x0000, 0xDD68,
  0xDD68, 0xDD68, 0xDD68, 0xDD68, 0xDD68, 0x0000, 0x0000, 0x0000, 0x0000, 0x0000, 0x0000, 0x0000,
  0x0000, 0x1060, 0xDD68, 0xDD68, 0xDD68, 0xDD68, 0xDD68, 0xDD68, 0xDD68, 0xDD68, 0x0000, 0xDD68,
  0xDD68, 0xDD68, 0x0000, 0x0000, 0x0000, 0xDD68, 0xDD68, 0xDD68, 0xDD68, 0xDD68, 0xDD68, 0xDD68,
  0xDD68, 0xDD68, 0xDD68, 0xDD68, 0xDD68, 0xDD68, 0xDD68, 0xDD68, 0xDD68, 0xDD68, 0xDD68, 0xDD68,
  0xDD68, 0xDD68, 0xDD68, 0xDD68, 0xDD68, 0xDD68, 0xDD68, 0xDD68, 0xDD68, 0xDD68, 0xDD68, 0xDD68,
  0xDD68, 0xDD68, 0xDD68, 0xDD68, 0xDD68, 0xDD68, 0xDD68, 0xDD68, 0xDD68, 0x0000, 0x0000, 0x0000,
  0x0000, 0x0000, 0x0000, 0x0000, 0x0000, 0x0000, 0x0000, 0xDD68, 0xDD68, 0xDD68, 0xDD68, 0xDD68,
  0xDD68, 0xDD68, 0xDD68, 0xDD68, 0xDD68, 0xDD68, 0xDD68, 0xDD68, 0xDD68, 0xDD68, 0xDD68, 0xDD68,
  0xDD68, 0xDD68, 0xDD68, 0xDD68, 0xDD68, 0xDD68, 0xDD68, 0xDD68, 0xDD68, 0xDD68, 0xDD68, 0xDD68,
  0xDD68, 0xDD68, 0xDD68, 0xDD68, 0xDD68, 0xDD68, 0xDD68, 0xDD68, 0xDD68, 0xDD68, 0xDD68, 0x0000,
  0x0000, 0x5203, 0xDD68, 0xDD68, 0xDD68, 0xDD68, 0xDD68, 0xDD68, 0xDD68, 0xDD68, 0xDD68, 0xDD68,
  0xDD68, 0x0000, 0x0000, 0x0000, 0x0000, 0x0000, 0x0000, 0x0000, 0x0000, 0x0000, 0xDD68, 0xDD68,
  0xDD68, 0xDD68, 0xDD68, 0xDD68, 0x0000, 0xDD68, 0xDD68, 0xDD68, 0xDD68, 0xDD68, 0xDD68, 0xDD68,
  0x0000, 0xDD68, 0xDD68, 0xDD68, 0xDD68, 0xDD68, 0xDD68, 0x0000, 0x0000, 0x0000, 0x0000, 0x0000,
  0x0000, 0x0000, 0x0000, 0x0000, 0xDD68, 0xDD68, 0xDD68, 0xDD68, 0xDD68, 0xDD68, 0xDD68, 0xDD68,
  0x9C06, 0xDD68, 0xDD68, 0x0840, 0x0000, 0x0000, 0xDD68, 0xDD68, 0xDD68, 0xDD68, 0xDD68, 0xDD68,
  0xDD68, 0xDD68, 0xDD68, 0xDD68, 0xDD68, 0xDD68, 0xDD68, 0xDD68, 0xDD68, 0xDD68, 0xDD68, 0xDD68,
  0xDD68, 0xDD68, 0xDD68, 0xDD68, 0xDD68, 0xDD68, 0xDD68, 0xDD68, 0xDD68, 0xDD68, 0xDD68, 0xDD68,
  0xDD68, 0xDD68, 0xDD68, 0xDD68, 0xDD68, 0xDD68, 0xDD68, 0xDD68, 0xDD68, 0xDD68, 0x0000, 0x0000,
  0x0000, 0x0000, 0x0000, 0x0000, 0x0000, 0x0000, 0x0000, 0x0000, 0x0000, 0x0000, 0xDD68, 0xDD68,
  0xDD68, 0xDD68, 0xDD68, 0xDD68, 0xDD68, 0xDD68, 0xDD68, 0xDD68, 0xDD68, 0xDD68, 0xDD68, 0xDD68,
  0xDD68, 0xDD68, 0xDD68, 0xDD68, 0xDD68, 0xDD68, 0x0000, 0x0000, 0x0000, 0x0000, 0x0000, 0xBCC7,
  0xDD68, 0xDD68, 0xDD68, 0xDD68, 0xDD68, 0xDD68, 0xDD68, 0xDD68, 0xDD68, 0xDD68, 0xDD68, 0xDD68,
  0xDD68, 0xDD68, 0x0000, 0x0000, 0xDD68, 0xDD68, 0xDD68, 0xDD68, 0xDD68, 0xDD68, 0xDD68, 0xDD68,
  0xDD68, 0xDD68, 0x0000, 0x0000, 0x0000, 0x0000, 0x0000, 0x0000, 0x0000, 0x0000, 0x0000, 0x0000,
  0xDD68, 0xDD68, 0xDD68, 0xDD68, 0xDD68, 0xDD68, 0x0000, 0xDD68, 0xDD68, 0xDD68, 0xDD68, 0xDD68,
  0xDD68, 0xDD68, 0x0000, 0xDD68, 0xDD68, 0xDD68, 0xDD68, 0xDD68, 0xDD68, 0x0000, 0x0000, 0x0000,
  0x0000, 0x0000, 0x0000, 0x0000, 0x0000, 0x0000, 0x0000, 0xDD68, 0xDD68, 0xDD68, 0xDD68, 0xDD68,
  0xDD68, 0xDD68, 0xDD68, 0xDD68, 0xDD68, 0x0000, 0x0000, 0xDD68, 0xDD68, 0xDD68, 0xDD68, 0xDD68,
  0xDD68, 0xDD68, 0xDD68, 0xDD68, 0xDD68, 0xDD68, 0xDD68, 0xDD68, 0xDD68, 0xBCA7, 0x0000, 0x0000,
  0x0000, 0x0000, 0x0000, 0xDD68, 0xDD68, 0xDD68, 0xDD68, 0xDD68, 0xDD68, 0xDD68, 0xDD68, 0xDD68,
  0xDD68, 0xDD68, 0xDD68, 0xDD68, 0xDD68, 0xDD68, 0xDD68, 0xDD68, 0xDD68, 0xDD68, 0xDD68, 0x0000,
  0x0000, 0x0000, 0x0000, 0x0000, 0x0000, 0x0000, 0x0000, 0x0000, 0x0000, 0x0000, 0x0000, 0x0000,
  0x0000, 0x0000, 0xDD68, 0xDD68, 0xDD68, 0xDD68, 0xDD68, 0xDD68, 0xDD68, 0xDD68, 0xDD68, 0xDD68,
  0xDD68, 0xDD68, 0xDD68, 0x3121, 0x0000, 0x0000, 0x0000, 0x0000, 0x0000, 0x0000, 0x0000, 0x0000,
  0x0000, 0x0000, 0x0000, 0x0000, 0x0000, 0xDD68, 0xDD68, 0xDD68, 0xDD68, 0xDD68, 0xDD68, 0xDD68,
  0xDD68, 0xDD68, 0xDD68, 0xDD68, 0x0000, 0x0840, 0xDD68, 0xDD68, 0xDD68, 0xDD68, 0xDD68, 0xDD68,
  0xDD68, 0xDD68, 0xDD68, 0x0000, 0x0000, 0x0000, 0x0000, 0x0000, 0x0000, 0x0000, 0x0000, 0x0000,
  0x0000, 0x0000, 0xDD68, 0xDD68, 0xDD68, 0xDD68, 0xDD68, 0xC4C7, 0x0000, 0xDD68, 0xDD68, 0xDD68,
  0xDD68, 0xDD68, 0xDD68, 0xDD68, 0x0000, 0xDD68, 0xDD68, 0xDD68, 0xDD68, 0xDD68, 0xDD68, 0x0000,
  0x0000, 0x0000, 0x0000, 0x0000, 0x0000, 0x0000, 0x0000, 0x0000, 0x0000, 0x0000, 0xDD68, 0xDD68,
  0xDD68, 0xDD68, 0xDD68, 0xDD68, 0xDD68, 0xDD68, 0xDD68, 0x0000, 0x0000, 0xDD68, 0xDD68, 0xDD68,
  0xDD68, 0xDD68, 0xDD68, 0xDD68, 0xDD68, 0xDD68, 0xDD68, 0xDD68, 0x0000, 0x0000, 0x0000, 0x0000,
  0x0000, 0x0000, 0x0000, 0x0000, 0x0000, 0x0000, 0x0000, 0x0000, 0x0000, 0x3962, 0xDD68, 0xDD68,
  0xDD68, 0xDD68, 0xDD68, 0xDD68, 0xDD68, 0xDD68, 0xDD68, 0xDD68, 0xDD68, 0xDD68, 0xDD68, 0x0000,
  0x0000, 0x0000, 0x0000, 0x0000, 0x0000, 0x0000, 0x0000, 0x0000, 0x0000, 0xDD68, 0x0000, 0x0000,
  0x0000, 0x0000, 0x0000, 0x0000, 0x0000, 0x0000, 0xDD68, 0xDD68, 0xDD68, 0xDD68, 0xDD68, 0xDD68,
  0xDD68, 0xDD68, 0x0000, 0x0000, 0x0000, 0x0000, 0x0000, 0x0000, 0x0000, 0x0000, 0x0000, 0x0000,
  0x0000, 0x0000, 0x0000, 0x0000, 0x0000, 0x0000, 0x0000, 0x0000, 0x0000, 0x6284, 0xDD68, 0xDD68,
  0xDD68, 0xDD68, 0xDD68, 0xDD68, 0xDD68, 0xDD68, 0xDD68, 0x93A6, 0xDD68, 0xDD68, 0xDD68, 0xDD68,
  0xDD68, 0xDD68, 0xDD68, 0xDD68, 0x0000, 0x0000, 0x0000, 0x0000, 0x0000, 0x0000, 0x0000, 0x0000,
  0x0000, 0x0000, 0x0000, 0x0000, 0xDD68, 0xDD68, 0xDD68, 0xDD68, 0xDD68, 0x7B25, 0x0000, 0xDD68,
  0xDD68, 0xDD68, 0xDD68, 0xDD68, 0xDD68, 0xDD68, 0x0000, 0xDD68, 0xDD68, 0xDD68, 0xDD68, 0xDD68,
  0xDD68, 0x0000, 0x0000, 0x0000, 0x0000, 0x0000, 0x0000, 0x0000, 0x0000, 0x0000, 0x0000, 0x0000,
  0x0000, 0xDD68, 0xDD68, 0xDD68, 0xDD68, 0xDD68, 0xDD68, 0xDD68, 0xDD68, 0x3962, 0xDD68, 0xDD68,
  0xDD68, 0xDD68, 0xDD68, 0xDD68, 0xDD68, 0xDD68, 0xDD68, 0x41C2, 0x0000, 0x0000, 0x0000, 0x0000,
  0x0000, 0x0000, 0x0000, 0x0000, 0x0000, 0x0000, 0x0000, 0x0000, 0x0000, 0x0000, 0x0000, 0x0000,
  0x0000, 0x0000, 0x0000, 0xDD68, 0xDD68, 0xDD68, 0xDD68, 0xDD68, 0xDD68, 0xDD68, 0xDD68, 0x0000,
  0x0000, 0x0000, 0x0000, 0x0000, 0x0000, 0x0000, 0x0000, 0xDD68, 0x0000, 0x0000, 0x0000, 0xDD68,
  0xDD68, 0xDD68, 0x0000, 0x0000, 0x0000, 0x0000, 0x0000, 0x0000, 0x0000, 0x0000, 0x0000, 0x0000,
  0x0000, 0x0000, 0x0000, 0x0000, 0x0000, 0x0000, 0x0000, 0x0000, 0x0000, 0x0000, 0x0000, 0x0000,
  0x0000, 0x0000, 0x0000, 0x0000, 0x0000, 0x0000, 0x0000, 0x0000, 0x0000, 0x0000, 0x0000, 0x0000,
  0x0000, 0xDD68, 0xDD68, 0xDD68, 0xDD68, 0xDD68, 0xDD68, 0xDD68, 0xDD68, 0xDD68, 0xDD68, 0xDD68,
  0xDD68, 0xDD68, 0xDD68, 0xDD68, 0xDD68, 0x18A1, 0x0000, 0x0000, 0x0000, 0x0000, 0x0000, 0x0000,
  0x0000, 0x0000, 0x0000, 0x0000, 0x0000, 0x0000, 0xDD68, 0xDD68, 0xDD68, 0xDD68, 0xDD68, 0x3962,
  0x0000, 0xDD68, 0xDD68, 0xDD68, 0xDD68, 0xDD68, 0xDD68, 0xDD68, 0x0000, 0x9C06, 0xDD68, 0xDD68,
  0xDD68, 0xDD68, 0xDD68, 0x0000, 0x0000, 0x0000, 0x0000, 0x0000, 0x0000, 0x0000, 0x0000, 0x0000,
  0x0000, 0x0000, 0x0000, 0x93A6, 0xDD68, 0xDD68, 0xDD68, 0xDD68, 0xDD68, 0xDD68, 0xDD68, 0xDD68,
  0xDD68, 0xDD68, 0xDD68, 0xDD68, 0xDD68, 0xDD68, 0xDD68, 0xDD68, 0x0000, 0x0000, 0x0000, 0x0000,
  0x0000, 0x0000, 0x0000, 0x0000, 0x0000, 0x0000, 0x0000, 0x0000, 0x0000, 0x0000, 0x0000, 0x0000,
  0x0000, 0x0000, 0x0000, 0x0000, 0x0000, 0x0000, 0x0000, 0x0000, 0x0000, 0x0000, 0x0000, 0x0000,
  0x0000, 0x0000, 0x0000, 0x0000, 0x0000, 0x0000, 0x0000, 0xDD68, 0xDD68, 0xDD68, 0x0000, 0x0000,
  0x0000, 0x0000, 0xDD68, 0xDD68, 0xDD68, 0x0000, 0x0000, 0x0000, 0x0000, 0x0000, 0x0000, 0x0000,
  0x0000, 0x0000, 0x0000, 0x0000, 0x0000, 0x0000, 0x0000, 0x0000, 0x0000, 0x0000, 0x0000, 0x0000,
  0xDD68, 0xDD68, 0xDD68, 0xDD68, 0xDD68, 0xDD68, 0xDD68, 0xDD68, 0x0000, 0x0000, 0x0000, 0x0000,
  0x0000, 0x0000, 0x0000, 0x0000, 0x3121, 0xDD68, 0xDD68, 0xDD68, 0xDD68, 0xDD68, 0xDD68, 0xDD68,
  0xDD68, 0xDD68, 0xDD68, 0xDD68, 0xDD68, 0xDD68, 0xDD68, 0x0000, 0x0000, 0x0000, 0x0000, 0x0000,
  0x0000, 0x0000, 0x0000, 0x0000, 0x0000, 0x0000, 0x0000, 0x93A6, 0xDD68, 0xDD68, 0xDD68, 0xDD68,
  0xDD68, 0x0000, 0x0000, 0xDD68, 0xDD68, 0xDD68, 0xDD68, 0xDD68, 0xDD68, 0xDD68, 0x0000, 0x5A43,
  0xDD68, 0xDD68, 0xDD68, 0xDD68, 0xDD68, 0x0000, 0x0000, 0x0000, 0x0000, 0x0000, 0x0000, 0x0000,
  0x0000, 0x0000, 0x0000, 0x0000, 0x0000, 0x0000, 0xDD68, 0xDD68, 0xDD68, 0xDD68, 0xDD68, 0xDD68,
  0xDD68, 0xDD68, 0xDD68, 0xDD68, 0xDD68, 0xDD68, 0xDD68, 0xDD68, 0x1060, 0x0000, 0x0000, 0x0000,
  0x0000, 0x0000, 0x0000, 0x0000, 0x0000, 0xDD68, 0xDD68, 0xDD68, 0xDD68, 0xDD68, 0xDD68, 0xDD68,
  0xDD68, 0x0000, 0x0000, 0x0000, 0x0000, 0x0000, 0x0000, 0x0000, 0x0000, 0x0000, 0x0000, 0x0000,
  0x0000, 0x0000, 0x0000, 0x0000, 0x0000, 0x0000, 0x0000, 0x0000, 0xDD68, 0xDD68, 0xDD68, 0x0000,
  0x0000, 0x0000, 0x0000, 0x0000, 0xDD68, 0xDD68, 0xDD68, 0xDD68, 0xDD68, 0xDD68, 0x0000, 0x0000,
  0x0000, 0x0000, 0x0000, 0x0000, 0x0000, 0x0000, 0x0000, 0x0000, 0x0000, 0x0000, 0xDD68, 0xDD68,
  0xDD68, 0xDD68, 0xDD68, 0xDD68, 0xDD68, 0xDD68, 0xDD68, 0xDD68, 0xDD68, 0xDD68, 0xDD68, 0xDD68,
  0xDD68, 0xDD68, 0x0000, 0x0000, 0x0000, 0x0000, 0x0000, 0x0000, 0xDD68, 0xDD68, 0xDD68, 0xDD68,
  0xDD68, 0xDD68, 0xDD68, 0xDD68, 0xDD68, 0xDD68, 0xDD68, 0xDD68, 0x0000, 0x0000, 0x0000, 0x0000,
  0x0000, 0x0000, 0x0000, 0x0000, 0x0000, 0x0000, 0x0000, 0x0000, 0x0000, 0xDD68, 0xDD68, 0xDD68,
  0xDD68, 0xDD68, 0xDD68, 0x0000, 0x0000, 0xDD68, 0xDD68, 0xDD68, 0xDD68, 0xDD68, 0xDD68, 0xDD68,
  0x0000, 0x1880, 0xDD68, 0xDD68, 0xDD68, 0xDD68, 0xDD68, 0xDD68, 0x0000, 0x0000, 0x0000, 0x0000,
  0x0000, 0x0000, 0x0000, 0x0000, 0x0000, 0x0000, 0x0000, 0x0000, 0x0000, 0xDD68, 0xDD68, 0xDD68,
  0xDD68, 0xDD68, 0xDD68, 0xDD68, 0xDD68, 0xDD68, 0xDD68, 0xDD68, 0xDD68, 0x0000, 0x0000, 0x0000,
  0x0000, 0x0000, 0x0000, 0xDD68, 0xDD68, 0xDD68, 0xDD68, 0xDD68, 0xDD68, 0xDD68, 0xDD68, 0xDD68,
  0xDD68, 0xDD68, 0xDD68, 0xDD68, 0xDD68, 0xDD68, 0xDD68, 0x0000, 0x0000, 0x0000, 0x0000, 0x0000,
  0x0000, 0x0000, 0x0000, 0x0000, 0x0000, 0x0000, 0x0000, 0xDD68, 0xDD68, 0xDD68, 0xDD68, 0xDD68,
  0xDD68, 0x0000, 0x0000, 0x0000, 0x0000, 0x0000, 0xDD68, 0xDD68, 0xDD68, 0xDD68, 0xDD68, 0xDD68,
  0xDD68, 0xDD68, 0xDD68, 0xDD68, 0x0000, 0x0000, 0x0000, 0x1080, 0xDD68, 0xDD68, 0xDD68, 0xDD68,
  0xDD68, 0xDD68, 0xDD68, 0xDD68, 0xDD68, 0xDD68, 0xDD68, 0xDD68, 0xDD68, 0xDD68, 0xDD68, 0xDD68,
  0xDD68, 0xDD68, 0xDD68, 0xDD68, 0xDD68, 0xDD68, 0x0000, 0x0000, 0x0000, 0x0000, 0x0000, 0xDD68,
  0xDD68, 0xDD68, 0xDD68, 0xDD68, 0xDD68, 0xDD68, 0xDD68, 0xDD68, 0xDD68, 0xDD68, 0x0000, 0x0000,
  0x0000, 0x0000, 0x0000, 0x0000, 0x0000, 0x0000, 0x0000, 0x0000, 0x0000, 0x0000, 0x0000, 0xDD68,
  0xDD68, 0xDD68, 0xDD68, 0xDD68, 0xDD68, 0x0000, 0x0000, 0xDD68, 0xDD68, 0xDD68, 0xDD68, 0xDD68,
  0xDD68, 0xDD68, 0x0000, 0x0000, 0xDD68, 0xDD68, 0xDD68, 0xDD68, 0xDD68, 0xDD68, 0x0000, 0x0000,
  0x0000, 0x0000, 0x0000, 0x0000, 0x0000, 0x0000, 0x0000, 0x0000, 0x0000, 0x0000, 0x0000, 0xDD68,
  0xDD68, 0xDD68, 0xDD68, 0xDD68, 0xDD68, 0xDD68, 0xDD68, 0xDD68, 0xDD68, 0xDD68, 0x0000, 0x0000,
  0x0000, 0x0000, 0x0000, 0xDD68, 0xDD68, 0xDD68, 0xDD68, 0xDD68, 0xDD68, 0xDD68, 0xDD68, 0xDD68,
  0xDD68, 0xDD68, 0xDD68, 0xDD68, 0xDD68, 0xDD68, 0xDD68, 0xDD68, 0xDD68, 0xDD68, 0xDD68, 0xDD68,
  0xDD68, 0x1060, 0x0000, 0x0000, 0x0000, 0xDD68, 0xDD68, 0xDD68, 0xDD68, 0xDD68, 0xDD68, 0xDD68,
  0xDD68, 0xDD68, 0xDD68, 0x0000, 0x0000, 0x0000, 0x0000, 0x0000, 0x0000, 0xDD68, 0xDD68, 0xDD68,
  0xDD68, 0xDD68, 0xDD68, 0xDD68, 0xDD68, 0xDD68, 0xDD68, 0xDD68, 0xDD68, 0xDD68, 0xDD68, 0xDD68,
  0xDD68, 0xDD68, 0xDD68, 0xDD68, 0xDD68, 0xDD68, 0xDD68, 0xDD68, 0xDD68, 0xDD68, 0xDD68, 0xDD68,
  0xDD68, 0xDD68, 0xDD68, 0xDD68, 0xDD68, 0xDD68, 0xDD68, 0xDD68, 0xDD68, 0x18A1, 0x0000, 0x0000,
  0x0000, 0x0000, 0xDD68, 0xDD68, 0xDD68, 0xDD68, 0xDD68, 0xDD68, 0xDD68, 0xDD68, 0xDD68, 0x0000,
  0x0000, 0x0000, 0x0000, 0x0000, 0x0000, 0x0000, 0x0000, 0x0000, 0x0000, 0x0000, 0x0000, 0x0000,
  0x0000, 0xDD68, 0xDD68, 0xDD68, 0xDD68, 0xDD68, 0xDD68, 0x0000, 0x0000, 0xDD68, 0xDD68, 0xDD68,
  0xDD68, 0xDD68, 0xDD68, 0xDD68, 0x0000, 0x0000, 0xDD68, 0xDD68, 0xDD68, 0xDD68, 0xDD68, 0xDD68,
  0x0000, 0x0000, 0x0000, 0x0000, 0x0000, 0x0000, 0x0000, 0x0000, 0x0000, 0x0000, 0x0000, 0x0000,
  0x0000, 0x0000, 0xDD68, 0xDD68, 0xDD68, 0xDD68, 0xDD68, 0xDD68, 0xDD68, 0xDD68, 0xDD68, 0x0000,
  0x0000, 0x0000, 0x0000, 0x5203, 0xDD68, 0xDD68, 0xDD68, 0xDD68, 0xDD68, 0xDD68, 0xDD68, 0xDD68,
  0xDD68, 0xDD68, 0xDD68, 0xDD68, 0xDD68, 0xDD68, 0xDD68, 0xDD68, 0xDD68, 0xDD68, 0xDD68, 0xDD68,
  0xDD68, 0xDD68, 0xDD68, 0xDD68, 0xDD68, 0xDD68, 0xDD68, 0xDD68, 0xDD68, 0xDD68, 0xDD68, 0xDD68,
  0xDD68, 0xDD68, 0xDD68, 0xDD68, 0x0000, 0x0000, 0x0000, 0x0000, 0x0000, 0x0000, 0x0000, 0x1080,
  0xDD68, 0xDD68, 0xDD68, 0xDD68, 0xDD68, 0xDD68, 0xDD68, 0xDD68, 0xDD68, 0xDD68, 0xDD68, 0xDD68,
  0xDD68, 0xDD68, 0xDD68, 0xDD68, 0xDD68, 0xDD68, 0xDD68, 0xDD68, 0xDD68, 0xDD68, 0xDD68, 0xDD68,
  0xDD68, 0xDD68, 0xDD68, 0xDD68, 0xDD68, 0xDD68, 0xDD68, 0xDD68, 0xDD68, 0xDD68, 0xDD68, 0xDD68,
  0xDD68, 0x0000, 0x0000, 0x0000, 0xDD68, 0xDD68, 0xDD68, 0xDD68, 0xDD68, 0xDD68, 0xDD68, 0xDD68,
  0xDD68, 0x0000, 0x0000, 0x0000, 0x0000, 0x0000, 0x0000, 0x0000, 0x0000, 0x0000, 0x0000, 0x0000,
  0x0000, 0x0000, 0x0000, 0xDD68, 0xDD68, 0xDD68, 0xDD68, 0xDD68, 0xDD68, 0x0000, 0x0000, 0xDD68,
  0xDD68, 0xDD68, 0xDD68, 0xDD68, 0xDD68, 0xDD68, 0x0000, 0x0000, 0xDD68, 0xDD68, 0xDD68, 0xDD68,
  0xDD68, 0xDD68, 0x0000, 0x0000, 0x0000, 0x0000, 0x0000, 0x0000, 0x0000, 0x0000, 0x0000, 0x0000,
  0x0000, 0x0000, 0x0000, 0x0000, 0xDD68, 0xDD68, 0xDD68, 0xDD68, 0xDD68, 0xDD68, 0xDD68, 0xDD68,
  0xDD68, 0x0000, 0x0000, 0x0000, 0xDD68, 0xDD68, 0xDD68, 0xDD68, 0xDD68, 0xDD68, 0xDD68, 0xDD68,
  0xDD68, 0xDD68, 0xDD68, 0xDD68, 0xDD68, 0xDD68, 0xDD68, 0xDD68, 0xDD68, 0xDD68, 0xDD68, 0xDD68,
  0xDD68, 0xDD68, 0xDD68, 0xDD68, 0xDD68, 0xDD68, 0xDD68, 0xDD68, 0xDD68, 0xDD68, 0xDD68, 0xDD68,
  0xDD68, 0xDD68, 0xDD68, 0xDD68, 0xDD68, 0x0000, 0x0000, 0x0000, 0x0000, 0x0000, 0x0000, 0x0000,
  0x0000, 0x0000, 0xDD68, 0xDD68, 0xDD68, 0xDD68, 0xDD68, 0xDD68, 0xDD68, 0xDD68, 0xDD68, 0xDD68,
  0xDD68, 0xDD68, 0xDD68, 0xDD68, 0xDD68, 0xDD68, 0xDD68, 0xDD68, 0xDD68, 0xDD68, 0xDD68, 0xDD68,
  0xDD68, 0xDD68, 0xDD68, 0xDD68, 0xDD68, 0xDD68, 0xDD68, 0xDD68, 0xDD68, 0xDD68, 0xDD68, 0xDD68,
  0xDD68, 0xDD68, 0xDD68, 0xDD68, 0x0000, 0x0000, 0x0000, 0xDD68, 0xDD68, 0xDD68, 0xDD68, 0xDD68,
  0xDD68, 0xDD68, 0xDD68, 0x0000, 0x0000, 0x0000, 0x0000, 0x0000, 0x0000, 0x0000, 0x0000, 0x0000,
  0x0000, 0x0000, 0x0000, 0x0000, 0x0000, 0xDD68, 0xDD68, 0xDD68, 0xDD68, 0xDD68, 0xDD68, 0x0000,
  0x0000, 0xDD68, 0xDD68, 0xDD68, 0xDD68, 0xDD68, 0xDD68, 0xDD68, 0x0000, 0x0000, 0xDD68, 0xDD68,
  0xDD68, 0xDD68, 0xDD68, 0xDD68, 0x0000, 0x0000, 0x0000, 0x0000, 0x0000, 0x0000, 0x0000, 0x0000,
  0x0000, 0x0000, 0x0000, 0x0000, 0x0000, 0x0000, 0xDD68, 0xDD68, 0xDD68, 0xDD68, 0xDD68, 0xDD68,
  0xDD68, 0xDD68, 0x0000, 0x0000, 0x0000, 0xDD68, 0xDD68, 0xDD68, 0xDD68, 0xDD68, 0xDD68, 0xDD68,
  0xDD68, 0xDD68, 0xDD68, 0xDD68, 0xDD68, 0xDD68, 0xDD68, 0xDD68, 0xDD68, 0xDD68, 0xDD68, 0xDD68,
  0xDD68, 0xDD68, 0xDD68, 0xDD68, 0xDD68, 0xDD68, 0xDD68, 0xDD68, 0xDD68, 0xDD68, 0xDD68, 0xDD68,
  0xDD68, 0xDD68, 0xDD68, 0xDD68, 0xDD68, 0xDD68, 0xDD68, 0x0000, 0x0000, 0x0000, 0x0000, 0x0000,
  0x0000, 0x0000, 0x0000, 0x0000, 0x0000, 0xDD68, 0xDD68, 0xDD68, 0xDD68, 0xDD68, 0xDD68, 0xDD68,
  0xDD68, 0xDD68, 0xDD68, 0xDD68, 0xDD68, 0xDD68, 0xDD68, 0xDD68, 0xDD68, 0xDD68, 0xDD68, 0xDD68,
  0xDD68, 0xDD68, 0xDD68, 0xDD68, 0xDD68, 0xDD68, 0xDD68, 0x49E3, 0x0000, 0x0000, 0x0000, 0x0000,
  0x0000, 0x0000, 0x0000, 0x0000, 0xDD68, 0xDD68, 0x0000, 0x0000, 0x0000, 0x0000, 0xDD68, 0xDD68,
  0xDD68, 0xDD68, 0xDD68, 0xDD68, 0xDD68, 0x0000, 0x0000, 0x0000, 0x0000, 0x0000, 0x0000, 0x0000,
  0x0000, 0x0000, 0x0000, 0x0000, 0x0000, 0x0000, 0x0000, 0xDD68, 0xDD68, 0xDD68, 0xDD68, 0xDD68,
  0xDD68, 0x0000, 0x0000, 0xDD68, 0xDD68, 0xDD68, 0xDD68, 0xDD68, 0xDD68, 0xDD68, 0x0000, 0x0000,
  0xDD68, 0xDD68, 0xDD68, 0xDD68, 0xDD68, 0xDD68, 0x0000, 0x0000, 0x0000, 0x0000, 0x0000, 0x0000,
  0x0000, 0x0000, 0x0000, 0x0000, 0x0000, 0x0000, 0x0000, 0x0000, 0xDD68, 0xDD68, 0xDD68, 0xDD68,
  0xDD68, 0xDD68, 0xDD68, 0x0000, 0x0000, 0x0000, 0x0000, 0xDD68, 0xDD68, 0x0000, 0x0000, 0x0000,
  0x0000, 0x0000, 0x0000, 0x0000, 0x0000, 0x5A23, 0xDD68, 0xDD68, 0xDD68, 0xDD68, 0xDD68, 0xDD68,
  0xDD68, 0xDD68, 0xDD68, 0xDD68, 0xDD68, 0xDD68, 0xDD68, 0xDD68, 0xDD68, 0xDD68, 0xDD68, 0xDD68,
  0xDD68, 0xDD68, 0xDD68, 0xDD68, 0xDD68, 0xDD68, 0xDD68, 0xDD68, 0x0000, 0x0000, 0x0000, 0x0000,
  0x0000, 0x0000, 0x0000, 0x0000, 0x0000, 0x0000, 0x0000, 0x0000, 0x5A23, 0xDD68, 0xDD68, 0xDD68,
  0xDD68, 0xDD68, 0xDD68, 0xDD68, 0xDD68, 0xDD68, 0xDD68, 0xDD68, 0xDD68, 0xDD68, 0xDD68, 0xDD68,
  0xDD68, 0xDD68, 0xDD68, 0xDD68, 0xDD68, 0x0000, 0x0000, 0x0000, 0x0000, 0x0000, 0x0000, 0x0000,
  0x0000, 0x0000, 0x0000, 0x0000, 0x0000, 0x0000, 0x0000, 0x0000, 0xDD68, 0x0000, 0x0000, 0x0000,
  0xDD68, 0xDD68, 0xDD68, 0xDD68, 0xDD68, 0xDD68, 0xDD68, 0x0000, 0x0000, 0x0000, 0x0000, 0x0000,
  0x0000, 0x0000, 0x0000, 0x0000, 0x0000, 0x0000, 0x0000, 0x0000, 0xDD68, 0xDD68, 0xDD68, 0xDD68,
  0xDD68, 0xDD68, 0xDD68, 0x0000, 0x0000, 0xDD68, 0xDD68, 0xDD68, 0xDD68, 0xDD68, 0xDD68, 0xDD68,
  0x0000, 0x0000, 0xDD68, 0xDD68, 0xDD68, 0xDD68, 0xDD68, 0xDD68, 0x49C3, 0x0000, 0x0000, 0x0000,
  0x0000, 0x0000, 0x0000, 0x0000, 0x0000, 0x0000, 0x0000, 0x0000, 0x0000, 0x0000, 0xDD68, 0xDD68,
  0xDD68, 0xDD68, 0xDD68, 0xDD68, 0xDD68, 0x0000, 0x0000, 0x0000, 0xDD68, 0x0000, 0x0000, 0x0000,
  0x0000, 0x0000, 0x0000, 0x0000, 0x0000, 0x0000, 0x0000, 0x0000, 0x0000, 0x0000, 0x0000, 0x0000,
  0xDD68, 0xDD68, 0xDD68, 0xDD68, 0xDD68, 0xDD68, 0xDD68, 0xDD68, 0xDD68, 0xDD68, 0xDD68, 0xDD68,
  0xDD68, 0xDD68, 0xDD68, 0xDD68, 0xDD68, 0xDD68, 0xDD68, 0xDD68, 0x0000, 0x0000, 0x0000, 0x0000,
  0x0000, 0x0000, 0x0000, 0x0000, 0x0000, 0x0000, 0x0000, 0x0000, 0x0000, 0x0000, 0x0000, 0x0000,
  0xDD68, 0xDD68, 0xDD68, 0xDD68, 0xDD68, 0xDD68, 0xDD68, 0xDD68, 0xDD68, 0xDD68, 0xDD68, 0xDD68,
  0xDD68, 0xDD68, 0xDD68, 0x0000, 0x0000, 0x0000, 0x0000, 0x0000, 0x0000, 0x0000, 0x0000, 0x0000,
  0x0000, 0x0000, 0x0000, 0x0000, 0x0000, 0x0000, 0x0000, 0x0000, 0x0000, 0x0000, 0x0000, 0xDD68,
  0x0000, 0x0000, 0x0000, 0xDD68, 0xDD68, 0xDD68, 0xDD68, 0xDD68, 0xDD68, 0x0000, 0x0000, 0x0000,
  0x0000, 0x0000, 0x0000, 0x0000, 0x0000, 0x0000, 0x0000, 0x0000, 0x0000, 0x0000, 0xDD68, 0xDD68,
  0xDD68, 0xDD68, 0xDD68, 0xDD68, 0xDD68, 0x0000, 0x0000, 0xDD68, 0xDD68, 0xDD68, 0xDD68, 0xDD68,
  0xDD68, 0xDD68, 0x0000, 0x0000, 0xDD68, 0xDD68, 0xDD68, 0xDD68, 0xDD68, 0xDD68, 0xDD68, 0x0000,
  0x0000, 0x0000, 0x0000, 0x0000, 0x0000, 0x0000, 0x0000, 0x0000, 0x0000, 0x0000, 0x0000, 0x0000,
  0xDD68, 0xDD68, 0xDD68, 0xDD68, 0xDD68, 0xDD68, 0x0000, 0x0000, 0x0000, 0xDD68, 0x0000, 0x0000,
  0x0000, 0x0000, 0x0000, 0x0000, 0x0000, 0x0000, 0x0000, 0x0000, 0x0000, 0x0000, 0x0000, 0x0000,
  0x0000, 0x0000, 0x0000, 0x0000, 0x0000, 0x0000, 0xDD68, 0xDD68, 0xDD68, 0xDD68, 0xDD68, 0xDD68,
  0xDD68, 0xDD68, 0xDD68, 0xDD68, 0xDD68, 0xDD68, 0xDD68, 0xDD68, 0xDD68, 0x0000, 0x0000, 0x0000,
  0x0000, 0x0000, 0x0000, 0x0000, 0x0000, 0x0000, 0x0000, 0x0000, 0x0000, 0x0000, 0x0000, 0x0000,
  0x0000, 0x0000, 0x0000, 0x0000, 0x7B25, 0xDD68, 0xDD68, 0xDD68, 0xDD68, 0xDD68, 0xDD68, 0xDD68,
  0xDD68, 0xDD68, 0x0000, 0x0000, 0x0000, 0x0000, 0x0000, 0x0000, 0x0000, 0x0000, 0x0000, 0x0000,
  0x0000, 0x0000, 0x0000, 0x0000, 0x0000, 0x0000, 0x0000, 0x0000, 0x0000, 0x0000, 0x0000, 0x0000,
  0x0000, 0x0000, 0x0000, 0x0000, 0x0000, 0xDD68, 0xDD68, 0xDD68, 0xDD68, 0xDD68, 0xDD68, 0x0000,
  0x0000, 0x0000, 0x0000, 0x0000, 0x0000, 0x0000, 0x0000, 0x0000, 0x0000, 0x0000, 0x0000, 0x0000,
  0xDD68, 0xDD68, 0xDD68, 0xDD68, 0xDD68, 0xDD68, 0xDD68, 0x0000, 0x0000, 0xDD68, 0xDD68, 0xDD68,
  0xDD68, 0xDD68, 0xDD68, 0xDD68, 0x0000, 0x0000, 0xDD68, 0xDD68, 0xDD68, 0xDD68, 0xDD68, 0xDD68,
  0xDD68, 0x0000, 0x0000, 0x0000, 0x0000, 0x0000, 0x0000, 0x0000, 0x0000, 0x0000, 0x0000, 0x0000,
  0x0000, 0x0000, 0xDD68, 0xDD68, 0xDD68, 0xDD68, 0xDD68, 0xDD68, 0x0000, 0x0000, 0x0000, 0x0000,
  0x0000, 0x0000, 0x0000, 0x0000, 0x0000, 0x0000, 0x0000, 0x0000, 0x0000, 0x0000, 0x0000, 0x0000,
  0x0000, 0x0000, 0x0000, 0x0000, 0x0000, 0x0000, 0x0000, 0x0000, 0x0000, 0x0000, 0x0000, 0xDD68,
  0xDD68, 0xDD68, 0xDD68, 0xDD68, 0xDD68, 0xDD68, 0xDD68, 0xDD68, 0x6AC4, 0x0000, 0x0000, 0x0000,
  0x0000, 0x0000, 0x0000, 0x0000, 0x0000, 0x0000, 0x0000, 0x0000, 0x0000, 0x0000, 0x0000, 0x0000,
  0x0000, 0x0000, 0x0000, 0x0000, 0x0000, 0x0000, 0x0000, 0x0000, 0x0000, 0x0000, 0x0000, 0x0000,
  0x0000, 0x0000, 0x0000, 0x0000, 0x0000, 0x0000, 0x0000, 0x0000, 0x0000, 0x0000, 0x0000, 0x0000,
  0x0000, 0x0000, 0xDD68, 0xDD68, 0xDD68, 0xDD68, 0xDD68, 0xDD68, 0xDD68, 0xDD68, 0xDD68, 0xDD68,
  0x0000, 0x0000, 0x0000, 0x0000, 0x0000, 0x0000, 0x0000, 0x0000, 0xDD68, 0xDD68, 0xDD68, 0xDD68,
  0xDD68, 0x0000, 0x0000, 0x0000, 0x0000, 0x0000, 0x0000, 0x0000, 0x0000, 0x0000, 0x0000, 0x0000,
  0x0000, 0x0000, 0xDD68, 0xDD68, 0xDD68, 0xDD68, 0xDD68, 0xDD68, 0xDD68, 0x0000, 0x0000, 0xDD68,
  0xDD68, 0xDD68, 0xDD68, 0xDD68, 0xDD68, 0xDD68, 0x0000, 0x0000, 0xDD68, 0xDD68, 0xDD68, 0xDD68,
  0xDD68, 0xDD68, 0xDD68, 0x0000, 0x0000, 0x0000, 0x0000, 0x0000, 0x0000, 0x0000, 0x0000, 0x0000,
  0x0000, 0x0000, 0x0000, 0x0000, 0xDD68, 0xDD68, 0xDD68, 0xDD68, 0xDD68, 0x0000, 0x0000, 0x0000,
  0x0000, 0x0000, 0x0000, 0x0000, 0x1080, 0xDD68, 0xDD68, 0xDD68, 0xDD68, 0xDD68, 0xDD68, 0xDD68,
  0xDD68, 0xDD68, 0xD528, 0x0000, 0x0000, 0x0000, 0x0000, 0x0000, 0x0000, 0x0000, 0x0000, 0x0000,
  0x0000, 0x0000, 0x0000, 0x0000, 0x0000, 0x0000, 0x0000, 0x0000, 0x0000, 0x0000, 0x0000, 0x0000,
  0x0000, 0x0000, 0x0000, 0x0000, 0x0000, 0x0000, 0x0000, 0x0000, 0x0000, 0x0000, 0x0000, 0x0000,
  0x0000, 0x0000, 0x0000, 0x0000, 0x0000, 0x0000, 0x0000, 0x0000, 0x0000, 0x0000, 0x0000, 0x0000,
  0x0000, 0x0000, 0x0000, 0x0000, 0x0000, 0x0000, 0x0000, 0x0000, 0x0000, 0x0000, 0x0000, 0x0000,
  0xDD68, 0xDD68, 0xDD68, 0xDD68, 0xDD68, 0xDD68, 0xDD68, 0xDD68, 0xDD68, 0xDD68, 0xDD68, 0xDD68,
  0xDD68, 0xDD68, 0xDD68, 0xDD68, 0xDD68, 0x0000, 0x0000, 0x0000, 0x0000, 0x0000, 0xDD68, 0xDD68,
  0xDD68, 0xDD68, 0xDD68, 0xDD68, 0x0000, 0x0000, 0x0000, 0x0000, 0x0000, 0x0000, 0x0000, 0x0000,
  0x0000, 0x0000, 0x0000, 0xDD68, 0xDD68, 0xDD68, 0xDD68, 0xDD68, 0xDD68, 0xDD68, 0xDD68, 0x0000,
  0x0000, 0xDD68, 0xDD68, 0xDD68, 0xDD68, 0xDD68, 0xDD68, 0xDD68, 0x0000, 0x0000, 0xDD68, 0xDD68,
  0xDD68, 0xDD68, 0xDD68, 0xDD68, 0xDD68, 0xDD68, 0x0000, 0x0000, 0x0000, 0x0000, 0x0000, 0x0000,
  0x0000, 0x0000, 0x0000, 0x0000, 0x0000, 0xDD68, 0xDD68, 0xDD68, 0xDD68, 0xDD68, 0xDD68, 0x0000,
  0x0000, 0x0000, 0x0000, 0x0000, 0xDD68, 0xDD68, 0xDD68, 0xDD68, 0xDD68, 0xDD68, 0xDD68, 0xDD68,
  0xDD68, 0xDD68, 0xDD68, 0xDD68, 0xDD68, 0xDD68, 0xDD68, 0xDD68, 0xDD68, 0x0000, 0x0000, 0x0000,
  0x0000, 0x0000, 0x0000, 0x0000, 0x0000, 0x0000, 0x0000, 0x0000, 0x0000, 0x0000, 0x0000, 0x0000,
  0x0000, 0x0000, 0x0000, 0x0000, 0x0000, 0x0000, 0x0000, 0x0000, 0x0000, 0x0000, 0x0000, 0x0000,
  0x0000, 0x0000, 0x0000, 0x0000, 0x0000, 0xDD68, 0xDD68, 0x0000, 0x0000, 0x0000, 0x0000, 0x0000,
  0x0000, 0x0000, 0x0000, 0x0000, 0x0000, 0x0000, 0x0000, 0x0000, 0x0000, 0x0000, 0x0000, 0xDD68,
  0xDD68, 0xDD68, 0xDD68, 0xDD68, 0xDD68, 0xDD68, 0xDD68, 0xDD68, 0xDD68, 0xDD68, 0xDD68, 0xDD68,
  0xDD68, 0xDD68, 0xDD68, 0xDD68, 0xDD68, 0xDD68, 0xDD68, 0xDD68, 0xDD68, 0x0000, 0x0000, 0x0000,
  0xDD68, 0xDD68, 0xDD68, 0xDD68, 0xDD68, 0xDD68, 0x0000, 0x0000, 0x0000, 0x0000, 0x0000, 0x0000,
  0x0000, 0x0000, 0x0000, 0x0000, 0x0000, 0x0000, 0x0000, 0x0000, 0x2101, 0xDD68, 0xDD68, 0xDD68,
  0xDD68, 0x0000, 0x0000, 0xDD68, 0xDD68, 0xDD68, 0xDD68, 0xDD68, 0xDD68, 0xDD68, 0x0000, 0x0000,
  0xDD68, 0xDD68, 0xDD68, 0xDD68, 0x0000, 0x0000, 0x0000, 0x0000, 0x0000, 0x0000, 0x0000, 0x0000,
  0x0000, 0x0000, 0x0000, 0x0000, 0x0000, 0x0000, 0x18A1, 0xDD68, 0xDD68, 0xDD68, 0xDD68, 0xDD68,
  0xDD68, 0x0000, 0x0000, 0x0000, 0xDD68, 0xDD68, 0xDD68, 0xDD68, 0xDD68, 0xDD68, 0xDD68, 0xDD68,
  0xDD68, 0xDD68, 0xDD68, 0xDD68, 0xDD68, 0xDD68, 0xDD68, 0xDD68, 0xDD68, 0xDD68, 0xDD68, 0xDD68,
  0xDD68, 0xDD68, 0x0000, 0x0000, 0x0000, 0x0000, 0x0000, 0x0000, 0x0000, 0x0000, 0x0000, 0x0000,
  0x0000, 0x0000, 0x0000, 0x0000, 0x0000, 0x0000, 0xDD68, 0xDD68, 0x0000, 0x0000, 0x0000, 0x0000,
  0x0000, 0x0000, 0x0000, 0x0000, 0x0000, 0x0000, 0x0000, 0x0000, 0xDD68, 0xDD68, 0xDD68, 0x0000,
  0x0000, 0x0000, 0x0000, 0x0000, 0x0000, 0x0000, 0x0000, 0x0000, 0x0000, 0x0000, 0x4A03, 0xDD68,
  0xDD68, 0xDD68, 0xDD68, 0xDD68, 0xDD68, 0xDD68, 0xDD68, 0xDD68, 0xDD68, 0xDD68, 0xDD68, 0xDD68,
  0xDD68, 0xDD68, 0xDD68, 0xDD68, 0xDD68, 0xDD68, 0xDD68, 0xDD68, 0xDD68, 0xDD68, 0xDD68, 0xDD68,
  0x0000, 0x0000, 0x0000, 0xDD68, 0xDD68, 0xDD68, 0xDD68, 0xDD68, 0xDD68, 0x0000, 0x0000, 0x0000,
  0x0000, 0x0000, 0x0000, 0x0000, 0x0000, 0x0000, 0x0000, 0x0000, 0x0000, 0x0000, 0x0000, 0x0000,
  0x0000, 0x0000, 0xDD68, 0x0000, 0x0000, 0xDD68, 0xDD68, 0xDD68, 0xDD68, 0xDD68, 0xDD68, 0xDD68,
  0x0000, 0x0000, 0xDD68, 0x0000, 0x0000, 0x0000, 0x0000, 0x0000, 0x0000, 0x0000, 0x0000, 0x0000,
  0x0000, 0x0000, 0x0000, 0x0000, 0x0000, 0x0000, 0x0000, 0x0000, 0xDD68, 0xDD68, 0xDD68, 0xDD68,
  0xDD68, 0xDD68, 0x0000, 0x0000, 0x0000, 0xDD68, 0xDD68, 0xDD68, 0xDD68, 0xDD68, 0xDD68, 0xDD68,
  0xDD68, 0xDD68, 0xDD68, 0xDD68, 0xDD68, 0xDD68, 0xDD68, 0xDD68, 0xDD68, 0xDD68, 0xDD68, 0xDD68,
  0xDD68, 0xDD68, 0xDD68, 0xDD68, 0xDD68, 0xDD68, 0x0000, 0x0000, 0x0000, 0x0000, 0x0000, 0x0000,
  0x0000, 0x0000, 0x0000, 0x0000, 0x0000, 0x0000, 0xDD68, 0xDD68, 0xDD68, 0x0000, 0x0000, 0x0000,
  0x0000, 0x0000, 0x0000, 0x0000, 0x0000, 0x0000, 0x0000, 0x0000, 0x0000, 0x0000, 0xDD68, 0xDD68,
  0xDD68, 0xDD68, 0xDD68, 0xDD68, 0xDD68, 0xDD68, 0xDD68, 0xDD68, 0xDD68, 0xDD68, 0xDD68, 0xDD68,
  0xDD68, 0xDD68, 0xDD68, 0xDD68, 0xDD68, 0xDD68, 0xDD68, 0xDD68, 0xDD68, 0xDD68, 0xDD68, 0xDD68,
  0xDD68, 0xDD68, 0xDD68, 0xDD68, 0xDD68, 0xDD68, 0xDD68, 0xDD68, 0xDD68, 0xDD68, 0xDD68, 0xDD68,
  0xDD68, 0xDD68, 0xDD68, 0x0000, 0x0000, 0xDD68, 0xDD68, 0xDD68, 0xDD68, 0xDD68, 0xDD68, 0xDD68,
  0xC4E8, 0x0000, 0x0000, 0x0000, 0x0000, 0x0000, 0x0000, 0x0000, 0x0000, 0x0000, 0x0000, 0x0000,
  0x0000, 0x0000, 0x0000, 0x0000, 0x0000, 0x0000, 0x0000, 0xDD68, 0xDD68, 0xDD68, 0xDD68, 0xDD68,
  0xDD68, 0xDD68, 0x0000, 0x0000, 0x0000, 0x0000, 0x0000, 0x0000, 0x0000, 0x0000, 0x0000, 0x0000,
  0x0000, 0x0000, 0x0000, 0x0000, 0x0000, 0x0000, 0x0000, 0x0000, 0xDD68, 0xDD68, 0xDD68, 0xDD68,
  0xDD68, 0xDD68, 0xDD68, 0xDD68, 0x0000, 0x0000, 0xDD68, 0xDD68, 0xDD68, 0xDD68, 0xDD68, 0xDD68,
  0xDD68, 0xDD68, 0xDD68, 0xDD68, 0xDD68, 0xDD68, 0xDD68, 0xDD68, 0xDD68, 0xDD68, 0xDD68, 0xDD68,
  0xDD68, 0xDD68, 0xDD68, 0xDD68, 0xDD68, 0xDD68, 0xDD68, 0xDD68, 0xDD68, 0xDD68, 0xDD68, 0xDD68,
  0xDD68, 0xDD68, 0xDD68, 0xDD68, 0xDD68, 0xDD68, 0xDD68, 0xDD68, 0xDD68, 0xDD68, 0xDD68, 0x0000,
  0x0000, 0x0000, 0x0000, 0x0000, 0x0000, 0x0000, 0x0000, 0x0000, 0x0000, 0x0000, 0x0000, 0x0000,
  0x0000, 0xDD68, 0xDD68, 0xDD68, 0xDD68, 0xDD68, 0xDD68, 0xDD68, 0xDD68, 0xDD68, 0xDD68, 0xDD68,
  0xDD68, 0xDD68, 0xDD68, 0xDD68, 0xDD68, 0xDD68, 0xDD68, 0xDD68, 0xDD68, 0xDD68, 0xDD68, 0xDD68,
  0xDD68, 0xDD68, 0xDD68, 0xDD68, 0xDD68, 0xDD68, 0xDD68, 0xDD68, 0xDD68, 0xDD68, 0xDD68, 0xDD68,
  0xDD68, 0xDD68, 0xDD68, 0xDD68, 0xDD68, 0xDD68, 0x0000, 0xDD68, 0xDD68, 0xDD68, 0xDD68, 0xDD68,
  0xDD68, 0xDD68, 0xDD68, 0xDD68, 0xDD68, 0x0000, 0x0000, 0x0000, 0x0000, 0x0000, 0x0000, 0x0000,
  0x0000, 0x0000, 0x0000, 0x0000, 0x0000, 0x0000, 0x0000, 0x0000, 0x0000, 0x3142, 0xDD68, 0xDD68,
  0xDD68, 0xDD68, 0xDD68, 0x41A2, 0x0000, 0x0000, 0x0000, 0x0000, 0x0000, 0x0000, 0x0000, 0x0000,
  0x0000, 0x0000, 0x0000, 0x0000, 0x0000, 0x0000, 0x0000, 0x0000, 0xDD68, 0xDD68, 0xDD68, 0xDD68,
  0xDD68, 0xDD68, 0xDD68, 0xDD68, 0xDD68, 0xDD68, 0x0000, 0xDD68, 0xDD68, 0xDD68, 0xDD68, 0xDD68,
  0xDD68, 0xDD68, 0xDD68, 0xDD68, 0xDD68, 0xDD68, 0xDD68, 0xDD68, 0xDD68, 0xDD68, 0xDD68, 0xDD68,
  0xDD68, 0xDD68, 0xDD68, 0xDD68, 0xDD68, 0xDD68, 0xDD68, 0xDD68, 0xDD68, 0xDD68, 0xDD68, 0xDD68,
  0xDD68, 0xDD68, 0xDD68, 0xDD68, 0xDD68, 0xDD68, 0xDD68, 0xDD68, 0xDD68, 0xDD68, 0xDD68, 0xDD68,
  0x0000, 0x0000, 0x0000, 0x0000, 0x0000, 0x0000, 0x0000, 0x0000, 0x0000, 0x0000, 0x0000, 0x0000,
  0x0000, 0x0000, 0x0000, 0xDD68, 0xDD68, 0xDD68, 0xDD68, 0xDD68, 0xDD68, 0xDD68, 0xDD68, 0xDD68,
  0xDD68, 0xDD68, 0xDD68, 0xDD68, 0xDD68, 0xDD68, 0xDD68, 0xDD68, 0xDD68, 0xDD68, 0xDD68, 0xDD68,
  0xDD68, 0xDD68, 0xDD68, 0xDD68, 0xDD68, 0xDD68, 0xDD68, 0xDD68, 0xDD68, 0xDD68, 0xDD68, 0xDD68,
  0xDD68, 0xDD68, 0xDD68, 0xDD68, 0xDD68, 0xDD68, 0xDD68, 0xDD68, 0xDD68, 0xDD68, 0xDD68, 0xDD68,
  0xDD68, 0xDD68, 0xDD68, 0xDD68, 0xDD68, 0xDD68, 0xDD68, 0xDD68, 0xDD68, 0xDD68, 0xDD68, 0xDD68,
  0xDD68, 0xDD68, 0xDD68, 0xDD68, 0xDD68, 0x0000, 0x0000, 0x0000, 0x0000, 0x0000, 0x0000, 0x0000,
  0x0000, 0xDD68, 0xDD68, 0xDD68, 0x0000, 0x0000, 0x0000, 0x0000, 0x0000, 0x0000, 0x0000, 0x0000,
  0xDD68, 0xDD68, 0xDD68, 0xDD68, 0xDD68, 0xDD68, 0xDD68, 0xDD68, 0xDD68, 0xDD68, 0xDD68, 0xDD68,
  0xDD68, 0xDD68, 0xDD68, 0xDD68, 0xDD68, 0xDD68, 0xDD68, 0xDD68, 0xDD68, 0xDD68, 0xDD68, 0xDD68,
  0xDD68, 0xDD68, 0xDD68, 0xDD68, 0xDD68, 0xDD68, 0xDD68, 0xDD68, 0xDD68, 0xDD68, 0xDD68, 0xDD68,
  0xDD68, 0xDD68, 0xDD68, 0xDD68, 0xDD68, 0xDD68, 0xDD68, 0xDD68, 0xDD68, 0xDD68, 0xDD68, 0xDD68,
  0xDD68, 0xDD68, 0xDD68, 0xDD68, 0xDD68, 0xDD68, 0xDD68, 0xDD68, 0xDD68, 0xDD68, 0xDD68, 0xDD68,
  0xDD68, 0xDD68, 0x0000, 0x0000, 0x0000, 0x0000, 0x0000, 0x0000, 0x0000, 0x0000, 0x0000, 0x0000,
  0x0000, 0x0000, 0x0000, 0x0000, 0x0000, 0x0000, 0xDD68, 0xDD68, 0xDD68, 0xDD68, 0xDD68, 0xDD68,
  0xDD68, 0xDD68, 0xDD68, 0xDD68, 0xDD68, 0xDD68, 0xDD68, 0xDD68, 0xDD68, 0xDD68, 0xDD68, 0xDD68,
  0xDD68, 0xDD68, 0xDD68, 0xDD68, 0xDD68, 0xDD68, 0xDD68, 0xDD68, 0xDD68, 0xDD68, 0xDD68, 0xDD68,
  0xDD68, 0xDD68, 0xDD68, 0xDD68, 0xDD68, 0xDD68, 0xDD68, 0xDD68, 0xDD68, 0xDD68, 0xDD68, 0xDD68,
  0xDD68, 0xDD68, 0xDD68, 0xDD68, 0xDD68, 0xDD68, 0xDD68, 0xDD68, 0xDD68, 0xDD68, 0xDD68, 0xDD68,
  0xDD68, 0xDD68, 0xDD68, 0xDD68, 0xDD68, 0xDD68, 0xDD68, 0xDD68, 0xDD68, 0x1880, 0x0000, 0x0000,
  0x0000, 0x0000, 0x0000, 0x0000, 0xDD68, 0x0000, 0x0000, 0x0000, 0x0000, 0x0000, 0x0000, 0x4A03,
  0xDD68, 0xDD68, 0xDD68, 0xDD68, 0xDD68, 0xDD68, 0xDD68, 0xDD68, 0xDD68, 0xDD68, 0xDD68, 0xDD68,
  0xDD68, 0xDD68, 0xDD68, 0xDD68, 0xDD68, 0xDD68, 0xDD68, 0xDD68, 0xDD68, 0xDD68, 0xDD68, 0xDD68,
  0xDD68, 0xDD68, 0xDD68, 0xDD68, 0xDD68, 0xDD68, 0xDD68, 0xDD68, 0xDD68, 0xDD68, 0xDD68, 0xDD68,
  0xDD68, 0xDD68, 0xDD68, 0xDD68, 0xDD68, 0xDD68, 0xDD68, 0xDD68, 0xDD68, 0xDD68, 0xDD68, 0xDD68,
  0xDD68, 0xDD68, 0xDD68, 0xDD68, 0xDD68, 0xDD68, 0xDD68, 0xDD68, 0xDD68, 0xDD68, 0xDD68, 0xDD68,
  0xDD68, 0xDD68, 0xDD68, 0x0000, 0x0000, 0x0000, 0x0000, 0x0000, 0x0000, 0x0000, 0x0000, 0x0000,
  0x0000, 0x0000, 0x0000, 0x0000, 0x0000, 0x0000, 0x0000, 0x0000, 0xCD28, 0xDD68, 0xDD68, 0xDD68,
  0xDD68, 0xDD68, 0xDD68, 0xDD68, 0xDD68, 0xDD68, 0xDD68, 0xDD68, 0xDD68, 0xDD68, 0xDD68, 0xDD68,
  0xDD68, 0xDD68, 0xDD68, 0xDD68, 0xDD68, 0xDD68, 0xDD68, 0xDD68, 0xDD68, 0xDD68, 0xDD68, 0xDD68,
  0xDD68, 0xDD68, 0x0000, 0x0000, 0x0000, 0x0000, 0x0000, 0x9C06, 0xDD68, 0xDD68, 0xDD68, 0xDD68,
  0xDD68, 0xDD68, 0xDD68, 0xDD68, 0xDD68, 0xDD68, 0xDD68, 0xDD68, 0xDD68, 0xDD68, 0xDD68, 0xDD68,
  0xDD68, 0xDD68, 0xDD68, 0xDD68, 0xDD68, 0xDD68, 0xDD68, 0xDD68, 0xDD68, 0xDD68, 0xDD68, 0xDD68,
  0xDD68, 0x0000, 0x0000, 0x0000, 0x0000, 0x0000, 0x0000, 0x0000, 0x0000, 0x0000, 0x0000, 0x0000,
  0xDD68, 0xDD68, 0xDD68, 0xDD68, 0xDD68, 0xDD68, 0xDD68, 0xDD68, 0xDD68, 0xDD68, 0xDD68, 0xDD68,
  0xDD68, 0xDD68, 0xDD68, 0xDD68, 0xDD68, 0xDD68, 0xDD68, 0xDD68, 0xDD68, 0xDD68, 0xDD68, 0xDD68,
  0xDD68, 0xDD68, 0xDD68, 0xDD68, 0xDD68, 0xCD08, 0x0000, 0x0000, 0x0000, 0x0000, 0x0020, 0xDD68,
  0xDD68, 0xDD68, 0xDD68, 0xDD68, 0xDD68, 0xDD68, 0xDD68, 0xDD68, 0xDD68, 0xDD68, 0xDD68, 0xDD68,
  0xDD68, 0xDD68, 0xDD68, 0xDD68, 0xDD68, 0xDD68, 0xDD68, 0xDD68, 0xDD68, 0xDD68, 0xDD68, 0xDD68,
  0xDD68, 0xDD68, 0xDD68, 0xDD68, 0x9C06, 0x0000, 0x0000, 0x0000, 0x0000, 0x0000, 0x0000, 0x0000,
  0x0000, 0x0000, 0x0000, 0x0000, 0x0000, 0x0000, 0x0000, 0x0000, 0x0000, 0x0000, 0x0000, 0xDD68,
  0xDD68, 0xDD68, 0xDD68, 0xDD68, 0xDD68, 0xDD68, 0xDD68, 0xDD68, 0xDD68, 0xDD68, 0xDD68, 0xDD68,
  0xDD68, 0xDD68, 0xDD68, 0xDD68, 0xDD68, 0xDD68, 0xDD68, 0xDD68, 0xDD68, 0xDD68, 0xDD68, 0xDD68,
  0x0000, 0x0000, 0x0000, 0x0000, 0x0000, 0x0000, 0x0000, 0x0000, 0x0000, 0x0000, 0x0000, 0x0000,
  0x0000, 0xDD68, 0xDD68, 0xDD68, 0xDD68, 0xDD68, 0xDD68, 0xDD68, 0xDD68, 0xDD68, 0xDD68, 0xDD68,
  0xDD68, 0xDD68, 0xDD68, 0xDD68, 0xDD68, 0xDD68, 0xDD68, 0xDD68, 0xDD68, 0xDD68, 0xDD68, 0xDD68,
  0xDD68, 0xDD68, 0xDD68, 0xDD68, 0xDD68, 0x0000, 0x0000, 0x0000, 0x0000, 0x0000, 0x0000, 0x0000,
  0xDD68, 0xDD68, 0xDD68, 0xDD68, 0xDD68, 0xDD68, 0xDD68, 0xDD68, 0xDD68, 0xDD68, 0xDD68, 0xDD68,
  0xDD68, 0xDD68, 0xDD68, 0xDD68, 0xDD68, 0xDD68, 0xDD68, 0xDD68, 0xDD68, 0xDD68, 0xDD68, 0xDD68,
  0xDD68, 0xDD68, 0xDD68, 0xDD68, 0x0000, 0x0000, 0x0000, 0x0000, 0x0000, 0x0000, 0x0000, 0x0000,
  0x0000, 0x0000, 0x0000, 0x0000, 0x0000, 0xDD68, 0xDD68, 0xDD68, 0xDD68, 0xDD68, 0xDD68, 0xDD68,
  0xDD68, 0xDD68, 0xDD68, 0xDD68, 0xDD68, 0xDD68, 0xDD68, 0xDD68, 0xDD68, 0xDD68, 0xDD68, 0xDD68,
  0xDD68, 0xDD68, 0xDD68, 0xDD68, 0xDD68, 0xDD68, 0x0000, 0x0000, 0x0000, 0x0000, 0x0000, 0x0000,
  0x0000, 0x0000, 0x0000, 0x0000, 0x0000, 0x0000, 0x0000, 0x0000, 0x0000, 0x0000, 0x0000, 0x0000,
  0x0000, 0x0000, 0xDD68, 0xDD68, 0xDD68, 0xDD68, 0xDD68, 0xDD68, 0xDD68, 0xDD68, 0xDD68, 0xDD68,
  0xDD68, 0xDD68, 0xDD68, 0xDD68, 0xDD68, 0xDD68, 0xDD68, 0xDD68, 0xDD68, 0xDD68, 0xDD68, 0x0000,
  0x0000, 0x0000, 0x0000, 0x0000, 0x0000, 0x0000, 0x0000, 0x0000, 0x0000, 0x0000, 0x0000, 0x0000,
  0x0000, 0x0000, 0x0000, 0x0000, 0x0000, 0xDD68, 0xDD68, 0xDD68, 0xDD68, 0xDD68, 0xDD68, 0xDD68,
  0xDD68, 0xDD68, 0xDD68, 0xDD68, 0xDD68, 0xDD68, 0xDD68, 0xDD68, 0xDD68, 0xDD68, 0xDD68, 0xDD68,
  0xDD68, 0xDD68, 0xDD68, 0xDD68, 0xDD68, 0xDD68, 0xDD68, 0xDD68, 0x0000, 0x0000, 0x0000, 0x0000,
  0x0000, 0xDD68, 0xDD68, 0xDD68, 0xDD68, 0xDD68, 0xDD68, 0xDD68, 0xDD68, 0xDD68, 0xDD68, 0xDD68,
  0xDD68, 0xDD68, 0xDD68, 0xDD68, 0xDD68, 0xDD68, 0xDD68, 0xDD68, 0xDD68, 0xDD68, 0xDD68, 0xDD68,
  0xDD68, 0xDD68, 0xDD68, 0xDD68, 0x0000, 0x0000, 0x0000, 0x0000, 0x0000, 0x0000, 0x0000, 0x0000,
  0x0000, 0x0000, 0x0000, 0x0000, 0x0000, 0x0000, 0x0000, 0x0000, 0x0000, 0x0000, 0xDD68, 0xDD68,
  0xDD68, 0xDD68, 0xDD68, 0xDD68, 0xDD68, 0xDD68, 0xDD68, 0xDD68, 0xDD68, 0xDD68, 0xDD68, 0xDD68,
  0xDD68, 0xDD68, 0xDD68, 0xDD68, 0xDD68, 0xDD68, 0xDD68, 0x0000, 0x0000, 0x0000, 0x0000, 0x0000,
  0x0000, 0x0000, 0x0000, 0x0000, 0x0000, 0x0000, 0x0000, 0x0000, 0x0000, 0x0000, 0x0000, 0x0000,
  0x0000, 0x0000, 0x0000, 0x0000, 0x0000, 0xDD68, 0xDD68, 0xDD68, 0xDD68, 0xDD68, 0xDD68, 0xDD68,
  0xDD68, 0xDD68, 0xDD68, 0xDD68, 0xDD68, 0xDD68, 0xDD68, 0xDD68, 0xDD68, 0xDD68, 0xDD68, 0x0000,
  0x0000, 0x0000, 0x0000, 0x0000, 0x0000, 0x0000, 0x0000, 0x0000, 0x0000, 0x0000, 0x0000, 0x0000,
  0x0000, 0x0000, 0x0000, 0x0000, 0x0000, 0x0000, 0x0000, 0x0000, 0x0000, 0xDD68, 0xDD68, 0xDD68,
  0xDD68, 0xDD68, 0xDD68, 0xDD68, 0xDD68, 0xDD68, 0xDD68, 0xDD68, 0xDD68, 0xDD68, 0xDD68, 0xDD68,
  0xDD68, 0xDD68, 0xDD68, 0xDD68, 0xDD68, 0xDD68, 0xDD68, 0xDD68, 0xDD68, 0xDD68, 0xDD68, 0x0000,
  0x0000, 0x0000, 0xDD68, 0xDD68, 0xDD68, 0xDD68, 0xDD68, 0xDD68, 0xDD68, 0xDD68, 0xDD68, 0xDD68,
  0xDD68, 0xDD68, 0xDD68, 0xDD68, 0xDD68, 0xDD68, 0xDD68, 0xDD68, 0xDD68, 0xDD68, 0xDD68, 0xDD68,
  0xDD68, 0xDD68, 0xDD68, 0xDD68, 0x0000, 0x0000, 0x0000, 0x0000, 0x0000, 0x0000, 0x0000, 0x0000,
  0x0000, 0x0000, 0x0000, 0x0000, 0x0000, 0x0000, 0x0000, 0x0000, 0x0000, 0x0000, 0x0000, 0x0000,
  0x0000, 0x0000, 0xDD68, 0xDD68, 0xDD68, 0xDD68, 0xDD68, 0xDD68, 0xDD68, 0xDD68, 0xDD68, 0xDD68,
  0xDD68, 0xDD68, 0xDD68, 0xDD68, 0xDD68, 0xDD68, 0xDD68, 0xDD68, 0x0000, 0x0000, 0x0000, 0x0000,
  0x0000, 0x0000, 0x0000, 0x0000, 0x0000, 0x0000, 0x0000, 0x0000, 0x0000, 0x0000, 0x0000, 0x0000,
  0x0000, 0x0000, 0x0000, 0x0000, 0x0000, 0x0000, 0x0000, 0x0000, 0xB487, 0xDD68, 0xDD68, 0xDD68,
  0xDD68, 0xDD68, 0xDD68, 0xDD68, 0xDD68, 0xDD68, 0xDD68, 0xDD68, 0xDD68, 0xDD68, 0xDD68, 0x0000,
  0x0000, 0x0000, 0x0000, 0x0000, 0x0000, 0x0000, 0x0000, 0x0000, 0xDD68, 0xDD68, 0xDD68, 0xDD68,
  0xDD68, 0xDD68, 0xDD68, 0xDD68, 0xDD68, 0xDD68, 0xDD68, 0x0000, 0x0000, 0x0000, 0x0000, 0x0000,
  0x0000, 0xDD68, 0xDD68, 0xDD68, 0xDD68, 0xDD68, 0xDD68, 0xDD68, 0xDD68, 0xDD68, 0xDD68, 0xDD68,
  0xDD68, 0xDD68, 0xDD68, 0xDD68, 0xDD68, 0xDD68, 0xDD68, 0xDD68, 0xDD68, 0xDD68, 0xDD68, 0xDD68,
  0xDD68, 0xDD68, 0x0000, 0xDD68, 0xDD68, 0xDD68, 0xDD68, 0xDD68, 0xDD68, 0xDD68, 0xDD68, 0xDD68,
  0xDD68, 0xDD68, 0xDD68, 0xDD68, 0xDD68, 0xDD68, 0xDD68, 0xDD68, 0xDD68, 0xDD68, 0xDD68, 0xDD68,
  0xDD68, 0xDD68, 0xDD68, 0xDD68, 0x0000, 0x0000, 0x0000, 0x0000, 0x0000, 0x0000, 0xB487, 0xDD68,
  0xDD68, 0xDD68, 0xDD68, 0xDD68, 0xDD68, 0xDD68, 0xDD68, 0xDD68, 0xDD68, 0x0000, 0x0000, 0x0000,
  0x0000, 0x0000, 0x0000, 0x0000, 0x0000, 0x0000, 0xDD68, 0xDD68, 0xDD68, 0xDD68, 0xDD68, 0xDD68,
  0xDD68, 0xDD68, 0xDD68, 0xDD68, 0xDD68, 0xDD68, 0xDD68, 0xDD68, 0xA406, 0x0000, 0x0000, 0x0000,
  0x0000, 0x0000, 0x0000, 0x0000, 0x0000, 0x0000, 0x0000, 0x0000, 0x0000, 0x0000, 0x0000, 0x0000,
  0x0000, 0x0000, 0x0000, 0x0000, 0x0000, 0x0000, 0x0000, 0x0000, 0x0000, 0x0000, 0x0000, 0x0000,
  0xDD68, 0xDD68, 0xDD68, 0xDD68, 0xDD68, 0xDD68, 0xDD68, 0xDD68, 0xDD68, 0xDD68, 0x0000, 0x0000,
  0x0000, 0x0000, 0x0000, 0x0000, 0x0000, 0x0000, 0x0000, 0xDD68, 0xDD68, 0xDD68, 0xDD68, 0xDD68,
  0xDD68, 0xDD68, 0xDD68, 0xDD68, 0xDD68, 0xDD68, 0xDD68, 0xDD68, 0xDD68, 0xDD68, 0xDD68, 0xDD68,
  0x0000, 0x0000, 0x0000, 0x0000, 0x0000, 0x0000, 0xDD68, 0xDD68, 0xDD68, 0xDD68, 0xDD68, 0xDD68,
  0xDD68, 0xDD68, 0xDD68, 0xDD68, 0xDD68, 0xDD68, 0xDD68, 0xDD68, 0xDD68, 0xDD68, 0xDD68, 0xDD68,
  0xDD68, 0xDD68, 0xDD68, 0xDD68, 0xDD68, 0xDD68, 0xDD68, 0xDD68, 0xDD68, 0xDD68, 0xDD68, 0xDD68,
  0xDD68, 0xDD68, 0xDD68, 0xDD68, 0xDD68, 0xDD68, 0xDD68, 0xDD68, 0xDD68, 0xDD68, 0xDD68, 0xDD68,
  0xDD68, 0xDD68, 0xDD68, 0x0840, 0x0000, 0x0000, 0x0000, 0x0000, 0x0000, 0xDD68, 0xDD68, 0xDD68,
  0xDD68, 0xDD68, 0xDD68, 0xDD68, 0xDD68, 0xDD68, 0xDD68, 0xDD68, 0xDD68, 0xDD68, 0xDD68, 0xDD68,
  0xDD68, 0xC4E8, 0x0000, 0x0000, 0x0000, 0x0000, 0x0000, 0x0000, 0x0000, 0x0000, 0x0000, 0xDD68,
  0xDD68, 0xDD68, 0xDD68, 0xDD68, 0xDD68, 0xDD68, 0xDD68, 0xDD68, 0xDD68, 0x0000, 0x0000, 0x0000,
  0x0000, 0x0000, 0x0000, 0x0000, 0x0000, 0x0000, 0x0000, 0x0000, 0x0000, 0x0000, 0x0000, 0x0000,
  0x0000, 0x0000, 0x0000, 0x0000, 0x0000, 0x0000, 0x0000, 0x0000, 0x0000, 0x0000, 0x0000, 0x0000,
  0x0000, 0x0000, 0x0000, 0x0000, 0x0000, 0x0000, 0x3142, 0x3142, 0x0000, 0x0000, 0x0000, 0x0000,
  0x0000, 0x0000, 0x0000, 0x0000, 0x0000, 0x0000, 0x0000, 0xDD68, 0xDD68, 0xDD68, 0xDD68, 0xDD68,
  0xDD68, 0xDD68, 0xDD68, 0xDD68, 0xDD68, 0xDD68, 0xDD68, 0xDD68, 0xDD68, 0xDD68, 0x0000, 0x0000,
  0x0000, 0x0000, 0x0000, 0x0000, 0x0000, 0x3121, 0xDD68, 0xDD68, 0xDD68, 0xDD68, 0xDD68, 0xDD68,
  0xDD68, 0xDD68, 0xDD68, 0xDD68, 0xDD68, 0xDD68, 0xDD68, 0xDD68, 0xDD68, 0xDD68, 0xDD68, 0xDD68,
  0xDD68, 0xDD68, 0xDD68, 0xDD68, 0xDD68, 0xDD68, 0xDD68, 0xDD68, 0xDD68, 0xDD68, 0xDD68, 0xDD68,
  0xDD68, 0xDD68, 0xDD68, 0xDD68, 0xDD68, 0xDD68, 0xDD68, 0xDD68, 0xDD68, 0xDD68, 0xDD68, 0xDD68,
  0xDD68, 0xDD68, 0xDD68, 0xDD68, 0xDD68, 0xDD68, 0xDD68, 0x0000, 0x0000, 0x0000, 0x0000, 0x0000,
  0x0000, 0x0000, 0x0000, 0xDD68, 0xDD68, 0xDD68, 0xDD68, 0xDD68, 0xDD68, 0xDD68, 0xDD68, 0xDD68,
  0xDD68, 0xDD68, 0xDD68, 0xDD68, 0xDD68, 0xDD68, 0x0000, 0x0000, 0x0000, 0x0000, 0x0000, 0x0000,
  0x0000, 0x0000, 0x0000, 0x0000, 0x0000, 0x6AA4, 0x6264, 0x0000, 0x0000, 0x0000, 0x0000, 0x0000,
  0x0000, 0x0000, 0x0000, 0x0000, 0x0000, 0x0000, 0x0000, 0x0000, 0x0000, 0x0000, 0x0000, 0x0000,
  0x0000, 0x0000, 0x0000, 0x0000, 0x0000, 0x0000, 0x0000, 0x0000, 0x0000, 0x0000, 0x0000, 0x0000,
  0x0000, 0x0000, 0x0000, 0x0000, 0x0000, 0x0000, 0x0000, 0x0000, 0x0000, 0x0000, 0x0000, 0x0000,
  0x0000, 0x0000, 0x0000, 0x0000, 0x0000, 0x0000, 0x0000, 0xDD68, 0xDD68, 0xDD68, 0xDD68, 0xDD68,
  0xDD68, 0xDD68, 0xDD68, 0xDD68, 0xDD68, 0xDD68, 0xDD68, 0xDD68, 0xDD68, 0x0000, 0x0000, 0x0000,
  0x0000, 0x0000, 0x0000, 0x0000, 0x0000, 0xDD68, 0xDD68, 0xDD68, 0xDD68, 0xDD68, 0xDD68, 0xDD68,
  0xDD68, 0xDD68, 0xDD68, 0xDD68, 0xDD68, 0xDD68, 0xDD68, 0xDD68, 0xDD68, 0xDD68, 0xDD68, 0xDD68,
  0xDD68, 0xDD68, 0xDD68, 0xDD68, 0xDD68, 0xDD68, 0xDD68, 0xDD68, 0xDD68, 0xDD68, 0xDD68, 0xDD68,
  0xDD68, 0xDD68, 0xDD68, 0xDD68, 0xDD68, 0xDD68, 0xDD68, 0xDD68, 0xDD68, 0xDD68, 0xDD68, 0xDD68,
  0xDD68, 0xDD68, 0xDD68, 0xDD68, 0xDD68, 0xDD68, 0xDD68, 0xDD68, 0xDD68, 0xDD68, 0xDD68, 0xDD68,
  0x0000, 0x0000, 0x0000, 0x0000, 0x0000, 0x0000, 0x0000, 0x0000, 0xDD68, 0xDD68, 0xDD68, 0xDD68,
  0xDD68, 0xDD68, 0xDD68, 0xDD68, 0xDD68, 0xDD68, 0xDD68, 0xDD68, 0xDD68, 0xDD68, 0x0000, 0x0000,
  0x0000, 0x0000, 0x0000, 0x0000, 0x0000, 0x0000, 0x0000, 0x0000, 0x0000, 0x0000, 0x0000, 0x0000,
  0x0000, 0x0000, 0x0000, 0x0000, 0x0000, 0x0000, 0x0000, 0x0000, 0x0000, 0x0000, 0x0000, 0x0000,
  0x0000, 0x0000, 0x0000, 0x0000, 0x0000, 0x0000, 0x0000, 0x0000, 0x0000, 0x0000, 0x0000, 0x0000,
  0x0000, 0x0000, 0x0000, 0x0000, 0x0000, 0xDD68, 0x0000, 0x0000, 0x0000, 0x0000, 0x0000, 0x0000,
  0x0000, 0x0000, 0x0000, 0x0000, 0x0000, 0x0000, 0xD548, 0xDD68, 0xDD68, 0xDD68, 0xDD68, 0xDD68,
  0xDD68, 0xDD68, 0xDD68, 0xDD68, 0xDD68, 0xDD68, 0xDD68, 0xDD68, 0x5A43, 0x0000, 0x0000, 0x0000,
  0x0000, 0x0000, 0x0000, 0x0000, 0x0000, 0xDD68, 0xDD68, 0xDD68, 0xDD68, 0xDD68, 0xDD68, 0xDD68,
  0xDD68, 0xDD68, 0xDD68, 0xDD68, 0xDD68, 0xDD68, 0xDD68, 0xDD68, 0xDD68, 0xDD68, 0xDD68, 0xDD68,
  0xDD68, 0xDD68, 0xDD68, 0xDD68, 0xDD68, 0xDD68, 0xDD68, 0xDD68, 0xDD68, 0xDD68, 0xDD68, 0xDD68,
  0xDD68, 0xDD68, 0xDD68, 0xDD68, 0xDD68, 0xDD68, 0xDD68, 0xDD68, 0xDD68, 0xDD68, 0xDD68, 0xDD68,
  0xDD68, 0xDD68, 0xDD68, 0xDD68, 0xDD68, 0xDD68, 0xDD68, 0xDD68, 0xDD68, 0xDD68, 0xDD68, 0xDD68,
  0xDD68, 0xDD68, 0xDD68, 0xDD68, 0x0000, 0x0000, 0x0000, 0x0000, 0x0000, 0x0000, 0x0000, 0x0000,
  0x9BE6, 0xDD68, 0xDD68, 0xDD68, 0xDD68, 0xDD68, 0xDD68, 0xDD68, 0xDD68, 0xDD68, 0xDD68, 0xDD68,
  0xDD68, 0xDD68, 0x8345, 0x0000, 0x0000, 0x0000, 0x0000, 0x0000, 0x0000, 0x0000, 0x0000, 0x0000,
  0x0000, 0x0000, 0x0000, 0xDD68, 0x0000, 0x0000, 0x0000, 0x0000, 0x0000, 0x0000, 0x0000, 0x0000,
  0x0000, 0x0000, 0x0000, 0x0000, 0x0000, 0x0000, 0x0000, 0x0000, 0x0000, 0x0000, 0x0000, 0x0000,
  0x0000, 0x0000, 0x0000, 0x0000, 0x0000, 0x0000, 0x0000, 0x0000, 0xDD68, 0xDD68, 0xDD68, 0xCD28,
  0x0000, 0x0000, 0x0000, 0x0000, 0x2921, 0xDD68, 0xDD68, 0xDD68, 0xDD68, 0xDD68, 0xDD68, 0xDD68,
  0xDD68, 0xDD68, 0xDD68, 0xDD68, 0xDD68, 0xDD68, 0xDD68, 0xDD68, 0xDD68, 0x0000, 0x0000, 0x0000,
  0x0000, 0x0000, 0x0000, 0x0000, 0x0000, 0xDD68, 0xDD68, 0xDD68, 0xDD68, 0xDD68, 0xDD68, 0xDD68,
  0xDD68, 0xDD68, 0xDD68, 0xDD68, 0xDD68, 0xDD68, 0xDD68, 0xDD68, 0xDD68, 0xDD68, 0xDD68, 0xDD68,
  0xDD68, 0xDD68, 0xDD68, 0xDD68, 0xDD68, 0xDD68, 0xDD68, 0xDD68, 0xDD68, 0xDD68, 0xDD68, 0xDD68,
  0xDD68, 0xDD68, 0xDD68, 0xDD68, 0xDD68, 0xDD68, 0xDD68, 0xDD68, 0xDD68, 0xDD68, 0xDD68, 0xDD68,
  0xDD68, 0xDD68, 0xDD68, 0xDD68, 0xDD68, 0xDD68, 0xDD68, 0xDD68, 0xDD68, 0xDD68, 0xDD68, 0xDD68,
  0xDD68, 0xDD68, 0xDD68, 0xDD68, 0xDD68, 0xDD68, 0xDD68, 0xDD68, 0x0000, 0x0000, 0x0000, 0x0000,
  0x0000, 0x0000, 0x0000, 0x0000, 0xDD68, 0xDD68, 0xDD68, 0xDD68, 0xDD68, 0xDD68, 0xDD68, 0xDD68,
  0xDD68, 0xDD68, 0xDD68, 0xDD68, 0xDD68, 0xDD68, 0xDD68, 0xDD68, 0x0000, 0x0000, 0x0000, 0x0000,
  0x0000, 0xDD68, 0xDD68, 0xDD68, 0xDD68, 0x0000, 0x0000, 0x0000, 0x0000, 0x0000, 0x0000, 0x0000,
  0x0000, 0x0000, 0x0000, 0x0000, 0x0000, 0x0000, 0x0000, 0x0000, 0x0000, 0x0000, 0x0000, 0x0000,
  0x0000, 0x0000, 0x0000, 0x0000, 0x0000, 0x0000, 0x0000, 0x0000, 0x0000, 0x0000, 0xDD68, 0xDD68,
  0xDD68, 0xDD68, 0xDD68, 0xDD68, 0xDD68, 0xDD68, 0xDD68, 0xDD68, 0xDD68, 0xDD68, 0xDD68, 0xDD68,
  0xDD68, 0xDD68, 0xDD68, 0xDD68, 0xDD68, 0xDD68, 0xDD68, 0xDD68, 0xDD68, 0x0000, 0x0000, 0x0000,
  0x0000, 0x0000, 0x0000, 0x0000, 0x0000, 0xDD68, 0xDD68, 0xDD68, 0xDD68, 0xDD68, 0xDD68, 0xDD68,
  0xDD68, 0xDD68, 0xDD68, 0xDD68, 0xDD68, 0xDD68, 0xDD68, 0xDD68, 0xDD68, 0xDD68, 0xDD68, 0xDD68,
  0xDD68, 0xDD68, 0xDD68, 0xDD68, 0xDD68, 0xDD68, 0xDD68, 0xDD68, 0xDD68, 0xDD68, 0xDD68, 0xDD68,
  0xDD68, 0xDD68, 0xDD68, 0xDD68, 0xDD68, 0xDD68, 0xDD68, 0xDD68, 0xDD68, 0xDD68, 0xDD68, 0xDD68,
  0xDD68, 0xDD68, 0xDD68, 0xDD68, 0xDD68, 0xDD68, 0xDD68, 0xDD68, 0xDD68, 0xDD68, 0xDD68, 0xDD68,
  0xDD68, 0xDD68, 0xDD68, 0xDD68, 0xDD68, 0xDD68, 0xDD68, 0xDD68, 0xDD68, 0xDD68, 0xDD68, 0xDD68,
  0x0000, 0x0000, 0x0000, 0x0000, 0x0000, 0x0000, 0x0000, 0x0000, 0xDD68, 0xDD68, 0xDD68, 0xDD68,
  0xDD68, 0xDD68, 0xDD68, 0xDD68, 0xDD68, 0xDD68, 0xDD68, 0xDD68, 0xDD68, 0xDD68, 0xDD68, 0xDD68,
  0xDD68, 0xDD68, 0xDD68, 0xDD68, 0xDD68, 0xDD68, 0xDD68, 0x0000, 0x0000, 0x0000, 0x0000, 0x0000,
  0x0000, 0x0000, 0x0000, 0x0000, 0x0000, 0x0000, 0x0000, 0x0000, 0x0000, 0x0000, 0x0000, 0x0000,
  0x0000, 0x0000, 0x0000, 0x0000, 0x0000, 0x0000, 0x0000, 0x0000, 0x0000, 0x0000, 0x0000, 0x0000,
  0x0000, 0xDD68, 0xDD68, 0xDD68, 0xDD68, 0xDD68, 0xDD68, 0xDD68, 0xDD68, 0xDD68, 0xDD68, 0xDD68,
  0xDD68, 0xDD68, 0xDD68, 0xDD68, 0xDD68, 0xDD68, 0xDD68, 0xDD68, 0xDD68, 0xDD68, 0x0000, 0x0000,
  0x0000, 0x0000, 0x0000, 0x0000, 0x0000, 0x5203, 0xDD68, 0xDD68, 0xDD68, 0xDD68, 0xDD68, 0xDD68,
  0xDD68, 0xDD68, 0xDD68, 0xDD68, 0xDD68, 0xDD68, 0x20C1, 0x0000, 0x0000, 0x0000, 0x0000, 0x0000,
  0x0000, 0x0000, 0x0000, 0x0000, 0xDD68, 0xDD68, 0xDD68, 0xDD68, 0xDD68, 0xDD68, 0xDD68, 0xDD68,
  0xDD68, 0xDD68, 0xDD68, 0xDD68, 0xDD68, 0xDD68, 0xDD68, 0xDD68, 0xDD68, 0xDD68, 0xDD68, 0xDD68,
  0xDD68, 0xDD68, 0xDD68, 0xDD68, 0xDD68, 0x0000, 0x0000, 0x0000, 0x0000, 0x0000, 0x0000, 0x0000,
  0x0000, 0x0000, 0x3142, 0xDD68, 0xDD68, 0xDD68, 0xDD68, 0xDD68, 0xDD68, 0xDD68, 0xDD68, 0xDD68,
  0xDD68, 0xDD68, 0xDD68, 0x0000, 0x0000, 0x0000, 0x0000, 0x0000, 0x0000, 0x0000, 0x0000, 0xDD68,
  0xDD68, 0xDD68, 0xDD68, 0xDD68, 0xDD68, 0xDD68, 0xDD68, 0xDD68, 0xDD68, 0xDD68, 0xDD68, 0xDD68,
  0xDD68, 0xDD68, 0xDD68, 0xDD68, 0xDD68, 0xDD68, 0xDD68, 0xDD68, 0x0000, 0x0000, 0x0000, 0x0000,
  0x0000, 0x0000, 0x0000, 0x0000, 0x0000, 0x0000, 0x0000, 0x0000, 0x0000, 0x0000, 0x0000, 0x0000,
  0x0000, 0x0000, 0x0000, 0x0000, 0x0000, 0x0000, 0x0000, 0x0000, 0x0000, 0x0000, 0x0000, 0x0000,
  0x0000, 0x0000, 0x0000, 0x0000, 0xDD68, 0xDD68, 0xDD68, 0xDD68, 0xDD68, 0xDD68, 0xDD68, 0xDD68,
  0xDD68, 0xDD68, 0xDD68, 0xDD68, 0xDD68, 0xDD68, 0xDD68, 0xDD68, 0xDD68, 0xDD68, 0x0000, 0x0000,
  0x0000, 0x0000, 0x0000, 0x0000, 0x0000, 0x0000, 0xDD68, 0xDD68, 0xDD68, 0xDD68, 0xDD68, 0xDD68,
  0xDD68, 0xDD68, 0xDD68, 0xDD68, 0xDD68, 0xDD68, 0x0820, 0x0000, 0x0000, 0x0000, 0x0000, 0x0000,
  0x0000, 0x0000, 0x0000, 0x0000, 0x0000, 0x0000, 0x0000, 0x0000, 0xDD68, 0xDD68, 0xDD68, 0xDD68,
  0xDD68, 0xDD68, 0xDD68, 0xDD68, 0xDD68, 0xDD68, 0xDD68, 0xDD68, 0xDD68, 0xDD68, 0xDD68, 0xDD68,
  0xDD68, 0xDD68, 0xDD68, 0xDD68, 0xDD68, 0x0000, 0x0000, 0x0000, 0x0000, 0x0000, 0x0000, 0x0000,
  0x0000, 0x0000, 0x0000, 0x0000, 0x0000, 0x0000, 0x1060, 0xDD68, 0xDD68, 0xDD68, 0xDD68, 0xDD68,
  0xDD68, 0xDD68, 0xDD68, 0xDD68, 0xDD68, 0xDD68, 0xDD68, 0x0000, 0x0000, 0x0000, 0x0000, 0x0000,
  0x0000, 0x0000, 0x0000, 0xDD68, 0xDD68, 0xDD68, 0xDD68, 0xDD68, 0xDD68, 0xDD68, 0xDD68, 0xDD68,
  0xDD68, 0xDD68, 0xDD68, 0xDD68, 0xDD68, 0xDD68, 0xDD68, 0xDD68, 0xDD68, 0x0000, 0x0000, 0x0000,
  0x0000, 0x0000, 0x0000, 0x0000, 0x0000, 0x0000, 0x0000, 0x0000, 0x0000, 0x0000, 0x0000, 0x0000,
  0x0000, 0x0000, 0x0000, 0x0000, 0x0000, 0x0000, 0x0000, 0x0000, 0x0000, 0x0000, 0x0000, 0x0000,
  0x0000, 0x0000, 0x0000, 0x0000, 0x0000, 0x0000, 0x0000, 0xDD68, 0xDD68, 0xDD68, 0xDD68, 0xDD68,
  0xDD68, 0xDD68, 0xDD68, 0xDD68, 0xDD68, 0xDD68, 0xDD68, 0xDD68, 0xDD68, 0xDD68, 0x0020, 0x0000,
  0x0000, 0x0000, 0x0000, 0x0000, 0x0000, 0x0000, 0xDD68, 0xDD68, 0xDD68, 0xDD68, 0xDD68, 0xDD68,
  0xDD68, 0xDD68, 0xDD68, 0xDD68, 0xDD68, 0xDD68, 0xDD68, 0x0000, 0x0000, 0x0000, 0x0000, 0x0000,
  0x0000, 0x0000, 0x0000, 0x0000, 0x0000, 0x0000, 0x0000, 0x0000, 0x0000, 0x0000, 0x0000, 0x0000,
  0xDD68, 0xDD68, 0xDD68, 0xDD68, 0xDD68, 0xDD68, 0xDD68, 0xDD68, 0xDD68, 0xDD68, 0xDD68, 0xDD68,
  0xDD68, 0xDD68, 0xDD68, 0xDD68, 0xDD68, 0x0000, 0x0000, 0x0000, 0x0000, 0x0000, 0x0000, 0x0000,
  0x0000, 0x0000, 0x0000, 0x0000, 0x0000, 0x0000, 0x0000, 0x0000, 0x0000, 0x0000, 0xDD68, 0xDD68,
  0xDD68, 0xDD68, 0xDD68, 0xDD68, 0xDD68, 0xDD68, 0xDD68, 0xDD68, 0xDD68, 0xDD68, 0xDD68, 0x0000,
  0x0000, 0x0000, 0x0000, 0x0000, 0x0000, 0x0000, 0x5203, 0xDD68, 0xDD68, 0xDD68, 0xDD68, 0xDD68,
  0xDD68, 0xDD68, 0xDD68, 0xDD68, 0xDD68, 0xDD68, 0xDD68, 0xDD68, 0xDD68, 0xDD68, 0x0000, 0x0000,
  0x0000, 0x0000, 0x0000, 0x0000, 0x0000, 0x0000, 0x0000, 0x0000, 0x0000, 0x0000, 0x0000, 0x0000,
  0x0000, 0x0000, 0x0000, 0x0000, 0x0000, 0x0000, 0x0000, 0x0000, 0x0000, 0x0000, 0x0000, 0x0000,
  0x0000, 0x0000, 0x0000, 0x0000, 0x0000, 0x0000, 0x0000, 0x0000, 0x0000, 0x0000, 0x0000, 0xDD68,
  0xDD68, 0xDD68, 0xDD68, 0xDD68, 0xDD68, 0xDD68, 0xDD68, 0xDD68, 0xDD68, 0xDD68, 0x0000, 0x0000,
  0x0000, 0x0000, 0x0000, 0x0000, 0x0000, 0x0000, 0x5203, 0xDD68, 0xDD68, 0xDD68, 0xDD68, 0xDD68,
  0xDD68, 0xDD68, 0xDD68, 0xDD68, 0xDD68, 0xDD68, 0xDD68, 0xDD68, 0x0000, 0x0000, 0x0000, 0x0000,
  0x0000, 0x0000, 0x0000, 0x0000, 0x0000, 0x0000, 0x0000, 0x0000, 0x0000, 0x0000, 0x0000, 0x0000,
  0x0000, 0x0000, 0x0000, 0x0000, 0xDD68, 0xDD68, 0xDD68, 0xDD68, 0xDD68, 0xDD68, 0xDD68, 0xDD68,
  0xDD68, 0xDD68, 0xDD68, 0xDD68, 0xDD68, 0x0000, 0x0000, 0x0000, 0x0000, 0x0000, 0x0000, 0x0000,
  0x0000, 0x0000, 0x0000, 0x0000, 0x0000, 0x0000, 0x0000, 0x0000, 0x0000, 0x0000, 0x0000, 0x0000,
  0x0000, 0xDD68, 0xDD68, 0xDD68, 0xDD68, 0xDD68, 0xDD68, 0xDD68, 0xDD68, 0xDD68, 0xDD68, 0xDD68,
  0xDD68, 0xDD68, 0x0000, 0x0000, 0x0000, 0x0000, 0x0000, 0x0000, 0x0000, 0x0000, 0x0000, 0xDD68,
  0xDD68, 0xDD68, 0xDD68, 0xDD68, 0xDD68, 0xDD68, 0xDD68, 0xDD68, 0xDD68, 0xDD68, 0x0000, 0x0000,
  0x0000, 0x0000, 0x0000, 0x0000, 0x0000, 0x0000, 0x0000, 0x0000, 0x0000, 0x0000, 0x0000, 0x0000,
  0x0000, 0x0000, 0x0000, 0x0000, 0x0000, 0x0000, 0x0000, 0x0000, 0x0000, 0x0000, 0x0000, 0x0000,
  0x0000, 0x0000, 0x0000, 0x0000, 0x0000, 0x0000, 0x0000, 0x0000, 0x0000, 0x0000, 0x0000, 0x0000,
  0x0000, 0x0000, 0x0000, 0x0000, 0x6AA4, 0xDD68, 0xDD68, 0xDD68, 0xBCA7, 0x0000, 0x0000, 0x0000,
  0x0000, 0x0000, 0x0000, 0x0000, 0x0000, 0x0000, 0x0000, 0xDD68, 0xDD68, 0xDD68, 0xDD68, 0xDD68,
  0xDD68, 0xDD68, 0xDD68, 0xDD68, 0xDD68, 0xDD68, 0xDD68, 0xDD68, 0xDD68, 0x0000, 0x0000, 0x0000,
  0x0000, 0x0000, 0x0000, 0x0000, 0x0000, 0x0000, 0x0000, 0x0000, 0x0000, 0x0000, 0x0000, 0x0000,
  0x0000, 0x0000, 0x0000, 0x0000, 0x0000, 0x0000, 0x0000, 0xDD68, 0xDD68, 0xDD68, 0xDD68, 0xDD68,
  0xDD68, 0xDD68, 0xDD68, 0xDD68, 0xDD68, 0xDD68, 0x0000, 0x0000, 0x0000, 0x0000, 0x0000, 0x0000,
  0x0000, 0x0000, 0x0000, 0x0000, 0x0000, 0x0000, 0x0000, 0x0000, 0x0000, 0x0000, 0x0000, 0x0000,
  0x0000, 0x0000, 0x0000, 0x0000, 0xDD68, 0xDD68, 0xDD68, 0xDD68, 0xDD68, 0xDD68, 0xDD68, 0xDD68,
  0xDD68, 0xDD68, 0xDD68, 0xDD68, 0xDD68, 0xDD68, 0x0000, 0x0000, 0x0000, 0x0000, 0x0000, 0x0000,
  0x0000, 0x0000, 0x0000, 0x0000, 0xDD68, 0xDD68, 0xDD68, 0xDD68, 0x93C6, 0x0000, 0x0000, 0x0000,
  0x0000, 0x0000, 0x0000, 0x0000, 0x0000, 0x0000, 0x0000, 0x0000, 0x0000, 0x0000, 0x0000, 0x0000,
  0x0000, 0x0000, 0x0000, 0x0000, 0x0000, 0x0000, 0x0000, 0x0000, 0x0000, 0x0000, 0x0000, 0x0000,
  0x0000, 0x0000, 0x0000, 0x0000, 0x0000, 0x0000, 0x0000, 0x0000, 0x0000, 0x0000, 0x0000, 0x0000,
  0x0000, 0x0000, 0x0000, 0x0000, 0x0000, 0x0000, 0x0000, 0x0000, 0x0000, 0x0000, 0x0000, 0x0000,
  0x0000, 0x0000, 0x0000, 0x0000, 0x0000, 0x0000, 0x0000, 0xDD68, 0xDD68, 0xDD68, 0xDD68, 0xDD68,
  0xDD68, 0xDD68, 0xDD68, 0xDD68, 0xDD68, 0xDD68, 0xDD68, 0xDD68, 0xDD68, 0xDD68, 0x0000, 0x0000,
  0x0000, 0x0000, 0x0000, 0x0000, 0x0000, 0x0000, 0x0000, 0x0000, 0x0000, 0x0000, 0x0000, 0x0000,
  0x0000, 0x0000, 0x0000, 0x0000, 0x0000, 0x0000, 0x0000, 0x0000, 0x0000, 0x0000, 0xDD68, 0xDD68,
  0xDD68, 0xDD68, 0xDD68, 0xDD68, 0xDD68, 0xDD68, 0xDD68, 0x0000, 0x0000, 0x0000, 0x0000, 0x0000,
  0x0000, 0x0000, 0x0000, 0x0000, 0x0000, 0x0000, 0x0000, 0x0000, 0x0000, 0x0000, 0x0000, 0x0000,
  0x0000, 0x0000, 0x0000, 0x0000, 0x0000, 0x0000, 0x0000, 0xDD68, 0xDD68, 0xDD68, 0xDD68, 0xDD68,
  0xDD68, 0xDD68, 0xDD68, 0xDD68, 0xDD68, 0xDD68, 0xDD68, 0xDD68, 0xDD68, 0xDD68, 0x0000, 0x0000,
  0x0000, 0x0000, 0x0000, 0x0000, 0x0000, 0x0000, 0x0000, 0x0000, 0x0000, 0x0000, 0x0000, 0x0000,
  0x0000, 0x0000, 0x0000, 0x0000, 0x0000, 0x0000, 0x0000, 0x0000, 0x0000, 0x0000, 0x0000, 0x0000,
  0x0000, 0x0000, 0x0000, 0x0000, 0x0000, 0x0000, 0x0000, 0x0000, 0x0000, 0x0000, 0x0000, 0x0000,
  0x0000, 0x0000, 0x0000, 0x0000, 0x0000, 0x0000, 0x0000, 0x0000, 0x0000, 0x0000, 0x0000, 0x0000,
  0x0000, 0x0000, 0x0000, 0x0000, 0x0000, 0x0000, 0x0000, 0x0000, 0x0000, 0x0000, 0x0000, 0x0000,
  0x0000, 0x0000, 0x0000, 0x0000, 0x0000, 0x0000, 0x0000, 0xDD68, 0xDD68, 0xDD68, 0xDD68, 0xDD68,
  0xDD68, 0xDD68, 0xDD68, 0xDD68, 0xDD68, 0xDD68, 0xDD68, 0xDD68, 0xDD68, 0xDD68, 0xDD68, 0x0000,
  0x0000, 0x0000, 0x0000, 0x0000, 0x0000, 0x0000, 0x0000, 0x0000, 0x0000, 0x0000, 0x0000, 0x0000,
  0x0000, 0x0000, 0x0000, 0x0000, 0x0000, 0x0000, 0x0000, 0x0000, 0x0000, 0x0000, 0x0000, 0x0000,
  0x0000, 0xDD68, 0xDD68, 0xDD68, 0xDD68, 0xDD68, 0xDD68, 0xDD68, 0x0000, 0x0000, 0x0000, 0x0000,
  0x0000, 0x0000, 0x0000, 0x0000, 0x0000, 0x0000, 0x0000, 0x0000, 0x0000, 0x0000, 0x0000, 0x0000,
  0x0000, 0x0000, 0x0000, 0x0000, 0x0000, 0x0000, 0x0000, 0x0000, 0x0000, 0x0000, 0xDD68, 0xDD68,
  0xDD68, 0xDD68, 0xDD68, 0xDD68, 0xDD68, 0xDD68, 0xDD68, 0xDD68, 0xDD68, 0xDD68, 0xDD68, 0xDD68,
  0xDD68, 0xDD68, 0x0000, 0x0000, 0x0000, 0x0000, 0x0000, 0x0000, 0x0000, 0x0000, 0x0000, 0x0000,
  0x0000, 0x0000, 0x0000, 0x0000, 0x0000, 0x0000, 0x0000, 0x0000, 0x0000, 0x0000, 0x0000, 0x0000,
  0x0000, 0x0000, 0x0000, 0x0000, 0x0000, 0x0000, 0x0000, 0x0000, 0x0000, 0x0000, 0x0000, 0x0000,
  0x0000, 0x0000, 0x0000, 0x0000, 0x0000, 0x0000, 0x0000, 0x0000, 0x0000, 0x0000, 0x0000, 0x0000,
  0x0000, 0x0000, 0x0000, 0x0000, 0x0000, 0x0000, 0x0000, 0x0000, 0x0000, 0xDD68, 0x0000, 0x0000,
  0x0000, 0x0000, 0x0000, 0x0000, 0x0000, 0x0000, 0xDD68, 0xDD68, 0xDD68, 0xDD68, 0xDD68, 0xDD68,
  0xDD68, 0xDD68, 0xDD68, 0xDD68, 0xDD68, 0xDD68, 0xDD68, 0xDD68, 0xDD68, 0xDD68, 0xDD68, 0xDD68,
  0x0000, 0x0000, 0x0000, 0x0000, 0x0000, 0x0000, 0x0000, 0x0000, 0x0000, 0x0000, 0x0000, 0x0000,
  0x0000, 0x0000, 0x0000, 0x0000, 0x0000, 0x0000, 0x0000, 0x0000, 0x0000, 0x0000, 0x0000, 0x0000,
  0x0000, 0x0000, 0x0000, 0x0000, 0xDD68, 0xDD68, 0xDD68, 0xDD68, 0xDD68, 0x0000, 0x0000, 0x0000,
  0x0000, 0x0000, 0x0000, 0x0000, 0x0000, 0x0000, 0x0000, 0x0000, 0x0000, 0x0000, 0x0000, 0x0000,
  0x0000, 0x0000, 0x0000, 0x0000, 0x0000, 0x0000, 0x0000, 0x0000, 0x0000, 0x0000, 0x0000, 0x0000,
  0x0000, 0xDD68, 0xDD68, 0xDD68, 0xDD68, 0xDD68, 0xDD68, 0xDD68, 0xDD68, 0xDD68, 0xDD68, 0xDD68,
  0xDD68, 0xDD68, 0xDD68, 0xDD68, 0xDD68, 0xDD68, 0xDD68, 0x0000, 0x0000, 0x0000, 0x0000, 0x0000,
  0x0000, 0x0000, 0x0000, 0xDD68, 0x0000, 0x0000, 0x0000, 0x0000, 0x0000, 0x0000, 0x0000, 0x0000,
  0x0000, 0x0000, 0x0000, 0x0000, 0x0000, 0x0000, 0x0000, 0x0000, 0x0000, 0x0000, 0x0000, 0x0000,
  0x0000, 0x0000, 0x0000, 0x0000, 0x0000, 0x0000, 0x0000, 0x0000, 0x0000, 0x0000, 0x0000, 0x0000,
  0x0000, 0x0000, 0x0000, 0x0000, 0x0000, 0x0000, 0x0000, 0x0000, 0x0000, 0x0000, 0x0000, 0x0840,
  0xDD68, 0xDD68, 0xDD68, 0xDD68, 0xDD68, 0xDD68, 0xDD68, 0xDD68, 0xDD68, 0xDD68, 0xDD68, 0xDD68,
  0xDD68, 0xDD68, 0xDD68, 0xDD68, 0xDD68, 0xDD68, 0xDD68, 0xDD68, 0xDD68, 0xDD68, 0xDD68, 0xDD68,
  0xDD68, 0x0000, 0x0000, 0x0000, 0x0000, 0x0000, 0x0000, 0x0000, 0x0000, 0x0000, 0x0000, 0x0000,
  0x0000, 0x0000, 0x0000, 0x0000, 0x0000, 0x0000, 0x0000, 0x0000, 0x0000, 0x0000, 0x0000, 0x0000,
  0x0000, 0x0000, 0x0000, 0x0000, 0x0000, 0x0000, 0x0000, 0xDD68, 0xDD68, 0xDD68, 0x0000, 0x0000,
  0x0000, 0x0000, 0x0000, 0x0000, 0x0000, 0x0000, 0x0000, 0x0000, 0x0000, 0x0000, 0x0000, 0x0000,
  0x0000, 0x0000, 0x0000, 0x0000, 0x0000, 0x0000, 0x0000, 0x0000, 0x0000, 0x0000, 0x0000, 0x0000,
  0x0000, 0x0000, 0x0000, 0x0000, 0xDD68, 0xDD68, 0xDD68, 0xDD68, 0xDD68, 0xDD68, 0xDD68, 0xDD68,
  0xDD68, 0xDD68, 0xDD68, 0xDD68, 0xDD68, 0xDD68, 0xDD68, 0xDD68, 0xDD68, 0xDD68, 0xDD68, 0xDD68,
  0xDD68, 0xDD68, 0xDD68, 0xDD68, 0xDD68, 0x0020, 0x0000, 0x0000, 0x0000, 0x0000, 0x0000, 0x0000,
  0x0000, 0x0000, 0x0000, 0x0000, 0x0000, 0x0000, 0x0000, 0x0000, 0x0000, 0x0000, 0x0000, 0x0000,
  0x0000, 0x0000, 0x0000, 0x0000, 0x0000, 0x0000, 0x0000, 0x0000, 0x0000, 0x0000, 0x0000, 0x0000,
  0x0000, 0x0000, 0x0000, 0x0000, 0x0000, 0x0000, 0x0000, 0x0000, 0x0000, 0x0000, 0x0000, 0x0000,
  0x0000, 0x0000, 0xDD68, 0xDD68, 0xDD68, 0xDD68, 0xDD68, 0xDD68, 0xDD68, 0xDD68, 0xDD68, 0xDD68,
  0xDD68, 0xDD68, 0xDD68, 0xDD68, 0xDD68, 0xDD68, 0xDD68, 0xDD68, 0xDD68, 0xDD68, 0xDD68, 0xDD68,
  0xDD68, 0xDD68, 0x0000, 0x0000, 0x0000, 0x0000, 0x0000, 0x0000, 0x0000, 0x0000, 0x0000, 0x0000,
  0x0000, 0x0000, 0x0000, 0x0000, 0x0000, 0x0000, 0x0000, 0x0000, 0x0000, 0x0000, 0x0000, 0x0000,
  0x0000, 0x0000, 0x0000, 0x0000, 0x0000, 0x0000, 0x0000, 0x0000, 0x0000, 0x0000, 0xDD68, 0x0000,
  0x0000, 0x0000, 0x0000, 0x0000, 0x0000, 0x0000, 0x0000, 0x0000, 0x0000, 0x0000, 0x0000, 0x0000,
  0x0000, 0x0000, 0x0000, 0x0000, 0x0000, 0x0000, 0x0000, 0x0000, 0x0000, 0x0000, 0x0000, 0x0000,
  0x0000, 0x0000, 0x0000, 0x0000, 0x0000, 0x0000, 0x0000, 0xDD68, 0xDD68, 0xDD68, 0xDD68, 0xDD68,
  0xDD68, 0xDD68, 0xDD68, 0xDD68, 0xDD68, 0xDD68, 0xDD68, 0xDD68, 0xDD68, 0xDD68, 0xDD68, 0xDD68,
  0xDD68, 0xDD68, 0xDD68, 0xDD68, 0xDD68, 0xDD68, 0xDD68, 0x0000, 0x0000, 0x0000, 0x0000, 0x0000,
  0x0000, 0x0000, 0x0000, 0x0000, 0x0000, 0x0000, 0x0000, 0x0000, 0x0000, 0x0000, 0x0000, 0x0000,
  0x0000, 0x0000, 0x0000, 0x0000, 0x0000, 0x0000, 0x0000, 0x0000, 0x0000, 0x0000, 0x0000, 0x0000,
  0x0000, 0x0000, 0x0000, 0x0000, 0x0000, 0x0000, 0x0000, 0x0000, 0x0000, 0x0000, 0x0000, 0x0000,
  0x0000, 0x0000, 0x0000, 0x0000, 0x0000, 0xDD68, 0xDD68, 0xDD68, 0xDD68, 0xDD68, 0xDD68, 0xDD68,
  0xDD68, 0xDD68, 0xDD68, 0xDD68, 0xDD68, 0xDD68, 0xDD68, 0xDD68, 0xDD68, 0xDD68, 0xDD68, 0xDD68,
  0xDD68, 0xDD68, 0xDD68, 0x0000, 0x0000, 0x0000, 0x0000, 0x0000, 0x0000, 0x0000, 0x0000, 0x0000,
  0x0000, 0x0000, 0x0000, 0x0000, 0x0000, 0x0000, 0x0000, 0x0000, 0x0000, 0x0000, 0x0000, 0x0000,
  0x0000, 0x0000, 0x0000, 0x0000, 0x0000, 0x0000, 0x0000, 0x0000, 0x0000, 0x0000, 0x0000, 0x0000,
  0xDD68, 0x0000, 0x0000, 0x0000, 0x0000, 0x0000, 0x0000, 0x0000, 0x0000, 0x0000, 0x0000, 0x0000,
  0x0000, 0x0000, 0x0000, 0x0000, 0x0000, 0x0000, 0x0000, 0x0000, 0x0000, 0x0000, 0x0000, 0x0000,
  0x0000, 0x0000, 0x0000, 0x0000, 0x0000, 0x0000, 0x0000, 0x0000, 0x0000, 0x0000, 0xDD68, 0xDD68,
  0xDD68, 0xDD68, 0xDD68, 0xDD68, 0xDD68, 0xDD68, 0xDD68, 0xDD68, 0xDD68, 0xDD68, 0xDD68, 0xDD68,
  0xDD68, 0xDD68, 0xDD68, 0xDD68, 0xDD68, 0xDD68, 0xDD68, 0xDD68, 0x0000, 0x0000, 0x0000, 0x0000,
  0x0000, 0x0000, 0x0000, 0x0000, 0x0000, 0x0000, 0x0000, 0x0000, 0x0000, 0x0000, 0x0000, 0x0000,
  0x0000, 0x0000, 0x0000, 0x0000, 0x0000, 0x0000, 0x0000, 0x0000, 0x0000, 0x0000, 0x0000, 0x0000,
  0x0000, 0x0000, 0x0000, 0x0000, 0x0000, 0x0000, 0x0000, 0x0000, 0x0000, 0x0000, 0x0000, 0x0000,
  0x0000, 0x0000, 0x0000, 0x0000, 0x0000, 0x0000, 0x0000, 0x0000, 0x41A2, 0xDD68, 0xDD68, 0xDD68,
  0xDD68, 0xDD68, 0xDD68, 0xDD68, 0xDD68, 0xDD68, 0xDD68, 0xDD68, 0xDD68, 0xDD68, 0xDD68, 0xDD68,
  0xDD68, 0xDD68, 0xDD68, 0xDD68, 0x0000, 0x0000, 0x0000, 0x0000, 0x0000, 0x0000, 0x0000, 0x0000,
  0x0000, 0x0000, 0x0000, 0x0000, 0x0000, 0x0000, 0x0000, 0x0000, 0x0000, 0x0000, 0x0000, 0x0000,
  0x0000, 0x0000, 0x0000, 0x0000, 0x0000, 0x0000, 0x0000, 0x0000, 0x0000, 0x0000, 0x0000, 0x0000,
  0x0000, 0x0000, 0x0000, 0x0000, 0x0000, 0x0000, 0x0000, 0x0000, 0x0000, 0x0000, 0x0000, 0x0000,
  0x0000, 0x0000, 0x0000, 0x0000, 0x0000, 0x0000, 0x0000, 0x0000, 0x0000, 0x0000, 0x0000, 0x0000,
  0x0000, 0x0000, 0x0000, 0x0000, 0x0000, 0x0000, 0x0000, 0x0000, 0x0000, 0x0000, 0x0000, 0x0000,
  0x0000, 0xDD68, 0xDD68, 0xDD68, 0xDD68, 0xDD68, 0xDD68, 0xDD68, 0xDD68, 0xDD68, 0xDD68, 0xDD68,
  0xDD68, 0xDD68, 0xDD68, 0xDD68, 0xDD68, 0xDD68, 0xDD68, 0xDD68, 0x3962, 0x0000, 0x0000, 0x0000,
  0x0000, 0x0000, 0x0000, 0x0000, 0x0000, 0x0000, 0x0000, 0x0000, 0x0000, 0x0000, 0x0000, 0x0000,
  0x0000, 0x0000, 0x0000, 0x0000, 0x0000, 0x0000, 0x0000, 0x0000, 0x0000, 0x0000, 0x0000, 0x0000,
  0x0000, 0x0000, 0x0000, 0x0000, 0x0000, 0x0000, 0x0000, 0x0000, 0x0000, 0x0000, 0x0000, 0x0000,
  0x0000, 0x0000, 0x0000, 0x0000, 0x0000, 0x0000, 0x0000, 0x0000, 0x0000, 0x0000, 0x0000, 0x0000,
  0xDD68, 0xDD68, 0xDD68, 0xDD68, 0xDD68, 0xDD68, 0xDD68, 0xDD68, 0xDD68, 0xDD68, 0xDD68, 0xDD68,
  0xDD68, 0xDD68, 0xDD68, 0xDD68, 0x0000, 0x0000, 0x0000, 0x0000, 0x0000, 0x0000, 0x0000, 0x0000,
  0x0000, 0x0000, 0x0000, 0x0000, 0x0000, 0x0000, 0x0000, 0x0000, 0x0000, 0x0000, 0x0000, 0x0000,
  0x0000, 0x0000, 0x0000, 0x0000, 0x0000, 0x0000, 0x0000, 0x0000, 0x0000, 0x0000, 0x0000, 0x0000,
  0x0000, 0x0000, 0x0000, 0x0000, 0x0000, 0x0000, 0x0000, 0x0000, 0x0000, 0x0000, 0x0000, 0x0000,
  0x0000, 0x0000, 0x0000, 0x0000, 0x0000, 0x0000, 0x0000, 0x0000, 0x0000, 0x0000, 0x0000, 0x0000,
  0x0000, 0x0000, 0x0000, 0x0000, 0x0000, 0x0000, 0x0000, 0x0000, 0x0000, 0x0000, 0x0000, 0x0000,
  0x0000, 0x0000, 0x0000, 0x0000, 0x0000, 0xDD68, 0xDD68, 0xDD68, 0xDD68, 0xDD68, 0xDD68, 0xDD68,
  0xDD68, 0xDD68, 0xDD68, 0xDD68, 0xDD68, 0xDD68, 0xDD68, 0xDD68, 0xDD68, 0x0000, 0x0000, 0x0000,
  0x0000, 0x0000, 0x0000, 0x0000, 0x0000, 0x0000, 0x0000, 0x0000, 0x0000, 0x0000, 0x0000, 0x0000,
  0x0000, 0x0000, 0x0000, 0x0000, 0x0000, 0x0000, 0x0000, 0x0000, 0x0000, 0x0000, 0x0000, 0x0000,
  0x0000, 0x0000, 0x0000, 0x0000, 0x0000, 0x0000, 0x0000, 0x0000, 0x0000, 0x0000, 0x0000, 0x0000,
  0x0000, 0x0000, 0x0000, 0x0000, 0x0000, 0x0000, 0x0000, 0x0000, 0x0000, 0x0000, 0x0000, 0x0000,
  0x0000, 0x0000, 0x0000, 0x0000, 0xDD68, 0xDD68, 0xDD68, 0xDD68, 0xDD68, 0xDD68, 0xDD68, 0xDD68,
  0xDD68, 0xDD68, 0xDD68, 0xDD68, 0x0000, 0x0000, 0x0000, 0x0000, 0x0000, 0x0000, 0x0000, 0x0000,
  0x0000, 0x0000, 0x0000, 0x0000, 0x0000, 0x0000, 0x0000, 0x0000, 0x0000, 0x0000, 0x0000, 0x0000,
  0x0000, 0x0000, 0x0000, 0x0000, 0x0000, 0x0000, 0x0000, 0x0000, 0x0000, 0x0000, 0x0000, 0x0000,
  0x0000, 0x0000, 0x0000, 0x0000, 0x0000, 0x0000, 0x0000, 0x0000, 0x0000, 0x0000, 0x0000, 0x0000,
  0x0000, 0x0000, 0x0000, 0x0000, 0x0000, 0x0000, 0x0000, 0x0000, 0x0000, 0x0000, 0x0000, 0x0000,
  0x0000, 0x0000, 0x0000, 0x0000, 0x0000, 0x0000, 0x0000, 0x0000, 0x0000, 0x0000, 0x0000, 0x0000,
  0x0000, 0x0000, 0x0000, 0x0000, 0x0000, 0x0000, 0x0000, 0x0000, 0x0000, 0xDD68, 0xDD68, 0xDD68,
  0xDD68, 0xDD68, 0xDD68, 0xDD68, 0xDD68, 0xDD68, 0xDD68, 0xDD68, 0xDD68, 0x0000, 0x0000, 0x0000,
  0x0000, 0x0000, 0x0000, 0x0000, 0x0000, 0x0000, 0x0000, 0x0000, 0x0000, 0x0000, 0x0000, 0x0000,
  0x0000, 0x0000, 0x0000, 0x0000, 0x0000, 0x0000, 0x0000, 0x0000, 0x0000, 0x0000, 0x0000, 0x0000,
  0x0000, 0x0000, 0x0000, 0x0000, 0x0000, 0x0000, 0x0000, 0x0000, 0x0000, 0x0000, 0x0000, 0x0000,
  0x0000, 0x0000, 0x0000, 0x0000, 0x0000, 0x0000, 0x0000, 0x0000, 0x0000, 0x0000, 0x0000, 0x0000,
  0x0000, 0x0000, 0x0000, 0x0000, 0x0000, 0x0000, 0x0000, 0x0000, 0x72C4, 0xDD68, 0xDD68, 0xDD68,
  0xDD68, 0xDD68, 0xDD68, 0x0000, 0x0000, 0x0000, 0x0000, 0x0000, 0x0000, 0x0000, 0x0000, 0x0000,
  0x0000, 0x0000, 0x0000, 0x0000, 0x0000, 0x0000, 0x0000, 0x0000, 0x0000, 0x0000, 0x0000, 0x0000,
  0x0000, 0x0000, 0x0000, 0x0000, 0x0000, 0x0000, 0x0000, 0x0000, 0x0000, 0x0000, 0x0000, 0x0000,
  0x0000, 0x0000, 0x0000, 0x0000, 0x0000, 0x0000, 0x0000, 0x0000, 0x0000, 0x0000, 0x0000, 0x0000,
  0x0000, 0x0000, 0x0000, 0x0000, 0x0000, 0x0000, 0x0000, 0x0000, 0x0000, 0x0000, 0x0000, 0x0000,
  0x0000, 0x0000, 0x0000, 0x0000, 0x0000, 0x0000, 0x0000, 0x0000, 0x0000, 0x0000, 0x0000, 0x0000,
  0x0000, 0x0000, 0x0000, 0x0000, 0x0000, 0x0000, 0x0000, 0x0000, 0x0000, 0x0000, 0x0000, 0x0000,
  0x0000, 0x0000, 0xDD68, 0xDD68, 0xDD68, 0xDD68, 0xDD68, 0xDD68, 0x41C2, 0x0000, 0x0000, 0x0000,
  0x0000, 0x0000, 0x0000, 0x0000, 0x0000, 0x0000, 0x0000, 0x0000, 0x0000, 0x0000, 0x0000, 0x0000,
  0x0000, 0x0000, 0x0000, 0x0000, 0x0000, 0x0000, 0x0000, 0x0000, 0x0000, 0x0000, 0x0000, 0x0000,
  0x0000, 0x0000, 0x0000, 0x0000, 0x0000, 0x0000, 0x0000, 0x0000, 0x0000, 0x0000, 0x0000, 0x0000,
  0x0000, 0x0000, 0x0000, 0x0000, 0x0000, 0x0000, 0x0000, 0x0000, 0x0000, 0x0000, 0x0000, 0x0000,
  0x0000, 0x0000, 0x0000, 0x0000, 0x0000, 0x0000, 0x0000, 0x0000, 0x0000, 0x0000, 0x0000, 0x0000,
  0x0000, 0x0000, 0x0000, 0x0000, 0x0000, 0x0000, 0x0000, 0x0000, 0x0000, 0x0000, 0x0000, 0x0000,
  0x0000, 0x0000, 0x0000, 0x0000, 0x0000, 0x0000, 0x0000, 0x0000, 0x0000, 0x0000, 0x0000, 0x0000,
  0x0000, 0x0000, 0x0000, 0x0000, 0x0000, 0x0000, 0x0000, 0x0000, 0x0000, 0x0000, 0x0000, 0x0000,
  0x0000, 0x0000, 0x0000, 0x0000, 0x0000, 0x0000, 0x0000, 0x0000, 0x0000, 0x0000, 0x0000, 0x0000,
  0x0000, 0x0000, 0x0000, 0x0000, 0x0000, 0x0000, 0x0000, 0x0000, 0x0000, 0x0000, 0x0000, 0x0000,
  0x0000, 0x0000, 0x0000, 0x0000, 0x0000, 0x0000, 0x0000, 0x0000, 0x0000, 0x0000, 0x0000, 0x0000,
  0x0000, 0x0000, 0x0000, 0x0000, 0x0000, 0x0000, 0x0000, 0x0000, 0x0000, 0x0000, 0x0000, 0x0000,
  0x0000, 0x0000, 0x0000, 0x0000, 0x0000, 0x0000, 0x0000, 0x0000, 0x0000, 0x0000, 0x0000, 0x0000,
  0x0000, 0x0000, 0x0000, 0x0000, 0x0000, 0x0000, 0x0000, 0x0000, 0x0000, 0x0000, 0x0000, 0x0000,
  0x0000, 0x0000, 0x0000, 0x0000, 0x0000, 0x0000, 0x0000, 0x0000, 0x0000, 0x0000, 0x0000, 0x0000,
  0x0000, 0x0000, 0x0000, 0x0000, 0x0000, 0x0000, 0x0000, 0x0000, 0x0000, 0x0000, 0x0000, 0x0000,
  0x0000, 0x0000, 0x0000, 0x0000, 0x0000, 0x0000, 0x0000, 0x0000, 0x0000, 0x0000, 0x0000, 0x0000,
  0x0000, 0x0000, 0x0000, 0x0000, 0x0000, 0x0000, 0x0000, 0x0000, 0x0000, 0x0000, 0x0000, 0x0000,
  0x0000, 0x0000, 0x0000, 0x0000, 0x0000, 0x0000, 0x0000, 0x0000, 0x0000, 0x0000, 0x0000, 0x0000,
  0x0000, 0x0000, 0x0000, 0x0000, 0x0000, 0x0000, 0x0000, 0x0000, 0x0000, 0x0000, 0x0000, 0x0000,
  0x0000, 0x0000, 0x0000, 0x0000, 0x0000, 0x0000, 0x0000, 0x0000, 0x0000, 0x0000, 0x0000, 0x0000,
  0x0000, 0x0000, 0x0000, 0x0000, 0x0000, 0x0000, 0x0000, 0x0000, 0x0000, 0x0000, 0x0000, 0x0000,
  0x0000, 0x0000, 0x0000, 0x0000, 0x0000, 0x0000, 0x0000, 0x0000, 0x0000, 0x0000, 0x0000, 0x0000,
  0x0000, 0x0000, 0x0000, 0x0000, 0x0000, 0x0000, 0x0000, 0x0000, 0x0000, 0x0000, 0x0000, 0x0000,
  0x0000, 0x0000, 0x0000, 0x0000, 0x0000, 0x0000, 0x0000, 0x0000, 0x0000, 0x0000, 0x0000, 0x0000,
  0x0000, 0x0000, 0x0000, 0x0000, 0x0000, 0x0000, 0x0000, 0x0000, 0x0000, 0x0000, 0x0000, 0x0000,
  0x0000, 0x0000, 0x0000, 0x0000, 0x0000, 0x0000, 0x0000, 0x0000, 0x0000, 0x0000, 0x0000, 0x0000,
  0x0000, 0x0000, 0x0000, 0x0000, 0x0000, 0x0000, 0x0000, 0x0000, 0x0000, 0x0000, 0x0000, 0x0000,
  0x0000, 0x0000, 0x0000, 0x0000, 0x0000, 0x0000, 0x0000, 0x0000, 0x0000, 0x0000, 0x0000, 0x0000,
  0x0000, 0x0000, 0x0000, 0x0000, 0x0000, 0x0000, 0x0000, 0x0000, 0x0000, 0x0000, 0x0000, 0x0000,
  0x0000, 0x0000, 0x0000, 0x0000, 0x0000, 0x0000, 0x0000, 0x0000, 0x0000, 0x0000, 0x0000, 0x0000,
  0x0000, 0x0000, 0x0000, 0x0000, 0x0000, 0x0000, 0x0000, 0x0000, 0x0000, 0x0000, 0x0000, 0x0000,
  0x0000, 0x0000, 0x0000, 0x0000, 0x0000, 0x0000, 0x0000, 0x0000, 0x0000, 0x0000, 0x0000, 0x0000,
  0x0000, 0x0000, 0x0000, 0x0000, 0x0000, 0x0000, 0x0000, 0x0000, 0x0000, 0x0000, 0x0000, 0x0000,
  0x0000, 0x0000, 0x0000, 0x0000, 0x0000, 0x0000, 0x0000, 0x0000, 0x0000, 0x0000, 0x0000, 0x0000,
  0x0000, 0x0000, 0x0000, 0x0000, 0x0000, 0x0000, 0x0000, 0x0000, 0x0000, 0x0000, 0x0000, 0x0000,
  0x0000, 0x0000, 0x0000, 0x0000, 0x0000, 0x0000, 0x0000, 0x0000, 0x0000, 0x0000, 0x0000, 0x0000,
  0x0000, 0x0000, 0x0000, 0x0000, 0x0000, 0x0000, 0x0000, 0x0000, 0x0000, 0x0000, 0x0000, 0x0000,
  0x0000, 0x0000, 0x0000, 0x0000, 0x0000, 0x0000, 0x0000, 0x0000, 0x0000, 0x0000, 0x0000, 0x0000,
  0x0000, 0x0000, 0x0000, 0x0000, 0x0000, 0x0000, 0x0000, 0x0000, 0x0000, 0x0000, 0x0000, 0x0000,
  0x0000, 0x0000, 0x0000, 0x0000, 0x0000, 0x0000, 0x0000, 0x0000, 0x0000, 0x0000, 0x0000, 0x0000,
  0x0000, 0x0000, 0x0000, 0x0000, 0x0000, 0x0000, 0x0000, 0x0000, 0x0000, 0x0000, 0x0000, 0x0000,
  0x0000, 0x0000, 0x0000, 0x0000, 0x0000, 0x0000, 0x0000, 0x0000, 0x0000, 0x0000, 0x0000, 0x0000,
  0x0000, 0x0000, 0x0000, 0x0000, 0x0000, 0x0000, 0x0000, 0x0000, 0x0000, 0x0000, 0x0000, 0x0000,
  0x0000, 0x0000, 0x0000, 0x0000, 0x0000, 0x0000, 0x0000, 0x0000, 0x0000, 0x0000, 0x0000, 0xDD68,
  0xDD68, 0xDD68, 0x0000, 0x0000, 0x0000, 0x0000, 0x0000, 0x0000, 0x0000, 0x0000, 0x0000, 0x0000,
  0xDD68, 0xDD68, 0xDD68, 0x0000, 0x0000, 0x18C1, 0x0000, 0x0000, 0x0000, 0x0000, 0x0000, 0x0000,
  0x0000, 0x0000, 0x0000, 0x0000, 0x0000, 0x0000, 0xDD68, 0xDD68, 0x0000, 0x0000, 0x0000, 0x0000,
  0xDD68, 0xDD68, 0xDD68, 0xDD68, 0xDD68, 0xDD68, 0xDD68, 0xDD68, 0xDD68, 0xDD68, 0xDD68, 0xDD68,
  0x49E3, 0x0000, 0x0000, 0x0000, 0x0000, 0xC4E8, 0xDD68, 0xDD68, 0xDD68, 0xDD68, 0xDD68, 0xDD68,
  0xDD68, 0x0000, 0x0000, 0x0000, 0x0000, 0x0000, 0x0000, 0x0000, 0x0000, 0x0000, 0x0000, 0x0000,
  0xDD68, 0x0000, 0x0000, 0x0000, 0x0000, 0x0000, 0x0000, 0x0000, 0x0000, 0x0000, 0x0000, 0x0000,
  0x0000, 0x0000, 0x0000, 0x0000, 0x0000, 0x0000, 0x0000, 0x0000, 0x0000, 0x0000, 0x0000, 0x0000,
  0x0000, 0x0000, 0x0000, 0x0000, 0x0000, 0x0000, 0x0000, 0x0000, 0x0000, 0x0000, 0x0000, 0x0000,
  0x0000, 0x0000, 0x0000, 0x0000, 0x0000, 0x0000, 0x0000, 0x0000, 0x0000, 0x0000, 0x0000, 0x0000,
  0x0000, 0x0000, 0x0000, 0x0000, 0x0000, 0x0000, 0x0000, 0x0000, 0x0000, 0x0000, 0x0000, 0x0000,
  0x0000, 0x0000, 0x0000, 0x0000, 0x0000, 0x0000, 0x0000, 0x0000, 0x0000, 0x0000, 0x0000, 0x0000,
  0x0000, 0x0000, 0x0000, 0x0000, 0x0000, 0x0000, 0x0000, 0x0000, 0x0000, 0x0000, 0x0000, 0x0000,
  0x0000, 0xDD68, 0xDD68, 0xDD68, 0xDD68, 0x0000, 0x0000, 0x0000, 0x0000, 0x0000, 0x0000, 0x0000,
  0x0000, 0xDD68, 0xDD68, 0xDD68, 0xDD68, 0x0000, 0x0000, 0x18C1, 0xDD68, 0x0000, 0x0000, 0x0000,
  0x0000, 0x0000, 0x0000, 0x0000, 0x0000, 0x0000, 0x0000, 0xDD68, 0xDD68, 0xDD68, 0x0000, 0x0000,
  0x0000, 0x0000, 0xDD68, 0xDD68, 0xDD68, 0xDD68, 0xDD68, 0xDD68, 0xDD68, 0xDD68, 0xDD68, 0xDD68,
  0xDD68, 0xDD68, 0x0000, 0x0000, 0x0000, 0x0000, 0xDD68, 0xDD68, 0xDD68, 0xDD68, 0xDD68, 0xDD68,
  0xDD68, 0xDD68, 0xDD68, 0xDD68, 0xDD68, 0x0000, 0x0000, 0x0000, 0x0000, 0x0000, 0x0000, 0x0000,
  0x0000, 0x0000, 0xDD68, 0x0000, 0x0000, 0x0000, 0x0000, 0x0000, 0x0000, 0x0000, 0x0000, 0x0000,
  0x0000, 0x0000, 0x0000, 0x0000, 0x0000, 0x0000, 0x0000, 0x0000, 0x0000, 0x0000, 0x0000, 0x0000,
  0x0000, 0x0000, 0x0000, 0x0000, 0x0000, 0x0000, 0x0000, 0x0000, 0x0000, 0x0000, 0x0000, 0x0000,
  0x0000, 0x0000, 0x0000, 0x0000, 0x0000, 0x0000, 0x0000, 0x0000, 0x0000, 0x0000, 0x0000, 0x0000,
  0x0000, 0x0000, 0x0000, 0x0000, 0x0000, 0x0000, 0x0000, 0x0000, 0x0000, 0x0000, 0x0000, 0x0000,
  0x0000, 0x0000, 0x0000, 0x0000, 0x0000, 0x0000, 0x0000, 0x0000, 0x0000, 0x0000, 0x0000, 0x0000,
  0x0000, 0x0000, 0x0000, 0x0000, 0x0000, 0x0000, 0x0000, 0x0000, 0x0000, 0x0000, 0x0000, 0x0000,
  0x0000, 0x0000, 0x0000, 0xDD68, 0xDD68, 0xDD68, 0xDD68, 0x0000, 0x0000, 0x0000, 0x0000, 0x0000,
  0x0000, 0x0000, 0x0000, 0xDD68, 0xDD68, 0xDD68, 0xDD68, 0x0000, 0x0000, 0x18C1, 0xDD68, 0xDD68,
  0x0000, 0x0000, 0x0000, 0x0000, 0x0000, 0x0000, 0x0000, 0x0000, 0x0000, 0xDD68, 0xDD68, 0xDD68,
  0x0000, 0x0000, 0x0000, 0x0000, 0xDD68, 0xDD68, 0xDD68, 0xDD68, 0xDD68, 0xDD68, 0xDD68, 0xDD68,
  0xDD68, 0xDD68, 0xDD68, 0xCD08, 0x0000, 0x0000, 0x0000, 0xDD68, 0xDD68, 0xDD68, 0xDD68, 0xDD68,
  0xDD68, 0xDD68, 0xDD68, 0xDD68, 0xDD68, 0xDD68, 0x0000, 0x0000, 0x0000, 0x0000, 0x0000, 0x0000,
  0x0000, 0x0000, 0x0000, 0xDD68, 0xDD68, 0xDD68, 0x0000, 0x0000, 0x0000, 0x0000, 0x0000, 0x0000,
  0x0000, 0x0000, 0x0000, 0x0000, 0x0000, 0x0000, 0x0000, 0x0000, 0x0000, 0x0000, 0x0000, 0x0000,
  0x0000, 0x0000, 0x0000, 0x0000, 0x0000, 0x0000, 0x0000, 0x0000, 0x0000, 0x0000, 0x0000, 0x0000,
  0x0000, 0x0000, 0x0000, 0x0000, 0x0000, 0x0000, 0x0000, 0x0000, 0x0000, 0x0000, 0x0000, 0x0000,
  0x0000, 0x0000, 0x0000, 0x0000, 0x0000, 0x0000, 0x0000, 0x0000, 0x0000, 0x0000, 0x0000, 0x0000,
  0x0000, 0x0000, 0x0000, 0x0000, 0x0000, 0x0000, 0x0000, 0x0000, 0x0000, 0x0000, 0x0000, 0x0000,
  0x0000, 0x0000, 0x0000, 0x0000, 0x0000, 0x0000, 0x0000, 0x0000, 0x0000, 0x0000, 0x0000, 0x0000,
  0x0000, 0x0000, 0x0000, 0x0000, 0x0000, 0xDD68, 0xDD68, 0xDD68, 0xDD68, 0x0000, 0x0000, 0x0000,
  0x0000, 0x0000, 0x0000, 0x0000, 0x0000, 0xDD68, 0xDD68, 0xDD68, 0xDD68, 0x0000, 0x0000, 0x18C1,
  0xDD68, 0xDD68, 0xDD68, 0x0000, 0x0000, 0x0000, 0x0000, 0x0000, 0x0000, 0x0000, 0x0000, 0xDD68,
  0xDD68, 0xDD68, 0x0000, 0x0000, 0x0000, 0x0000, 0xDD68, 0xDD68, 0xDD68, 0x0000, 0x0000, 0x0000,
  0x0000, 0x0000, 0x0000, 0x0000, 0x0000, 0x0000, 0x0000, 0x0000, 0x0000, 0xDD68, 0xDD68, 0xDD68,
  0xDD68, 0x0000, 0x0000, 0x0000, 0x0000, 0x0000, 0x0000, 0x0000, 0x0000, 0x0000, 0x0000, 0x0000,
  0x0000, 0x0000, 0x0000, 0x0000, 0x0000, 0xDD68, 0xDD68, 0xDD68, 0x0000, 0x0000, 0x0000, 0x0000,
  0x0000, 0x0000, 0x0000, 0x0000, 0x0000, 0x0000, 0x0000, 0x0000, 0x0000, 0x0000, 0x0000, 0x0000,
  0x0000, 0x0000, 0x0000, 0x0000, 0x0000, 0x0000, 0x0000, 0x0000, 0x0000, 0x0000, 0x0000, 0x0000,
  0x0000, 0x0000, 0x0000, 0x0000, 0x0000, 0x0000, 0x0000, 0x0000, 0x0000, 0x0000, 0x0000, 0x0000,
  0x0000, 0x0000, 0x0000, 0x0000, 0x0000, 0x0000, 0x0000, 0x0000, 0x0000, 0x0000, 0x0000, 0x0000,
  0x0000, 0x0000, 0x0000, 0x0000, 0x0000, 0x0000, 0x0000, 0x0000, 0x0000, 0x0000, 0x0000, 0x0000,
  0x0000, 0x0000, 0x0000, 0x0000, 0x0000, 0x0000, 0x0000, 0x0000, 0x0000, 0x0000, 0x0000, 0x0000,
  0x0000, 0x0000, 0x0000, 0x0000, 0x0000, 0x0000, 0x0000, 0xDD68, 0xDD68, 0xDD68, 0xDD68, 0x0000,
  0x0000, 0x0000, 0x0000, 0x0000, 0x0000, 0x0000, 0x0000, 0xDD68, 0xDD68, 0xDD68, 0xDD68, 0x0000,
  0x0000, 0x18C1, 0xDD68, 0xDD68, 0xDD68, 0xDD68, 0x0000, 0x0000, 0x0000, 0x0000, 0x0000, 0x0000,
  0x0000, 0xDD68, 0xDD68, 0xDD68, 0x0000, 0x0000, 0x0000, 0x0000, 0xDD68, 0xDD68, 0xDD68, 0x0000,
  0x0000, 0x0000, 0x0000, 0x0000, 0x0000, 0x0000, 0x0000, 0x0000, 0x0000, 0x0000, 0x0000, 0xDD68,
  0xDD68, 0xDD68, 0x0000, 0x0000, 0x0000, 0x0000, 0x0000, 0x0000, 0x0000, 0x0000, 0x0000, 0x0000,
  0x0000, 0x0000, 0x0000, 0x0000, 0x0000, 0x0000, 0xDD68, 0xDD68, 0xDD68, 0xDD68, 0xDD68, 0x0000,
  0x0000, 0x0000, 0x0000, 0x0000, 0x0000, 0x0000, 0x0000, 0x0000, 0x0000, 0x0000, 0x0000, 0x0000,
  0x0000, 0x0000, 0x0000, 0x0000, 0x0000, 0x0000, 0x0000, 0x0000, 0x0000, 0x0000, 0x0000, 0x0000,
  0x0000, 0x0000, 0x0000, 0x0000, 0x0000, 0x0000, 0x0000, 0x0000, 0x0000, 0x0000, 0x0000, 0x0000,
  0x0000, 0x0000, 0x0000, 0x0000, 0x0000, 0x0000, 0x0000, 0x0000, 0x0000, 0x0000, 0x0000, 0x0000,
  0x0000, 0x0000, 0x0000, 0x0000, 0x0000, 0x0000, 0x0000, 0x0000, 0x0000, 0x0000, 0x0000, 0x0000,
  0x0000, 0x0000, 0x0000, 0x0000, 0x0000, 0x0000, 0x0000, 0x0000, 0x0000, 0x0000, 0x0000, 0x0000,
  0x0000, 0x0000, 0x0000, 0x0000, 0x0000, 0x0000, 0x0000, 0x0000, 0x0000, 0xDD68, 0xDD68, 0xDD68,
  0xDD68, 0x0000, 0x0000, 0x0000, 0x0000, 0x0000, 0x0000, 0x0000, 0x0000, 0xDD68, 0xDD68, 0xDD68,
  0xDD68, 0x0000, 0x0000, 0x18C1, 0xDD68, 0xDD68, 0xDD68, 0xDD68, 0xDD68, 0x0000, 0x0000, 0x0000,
  0x0000, 0x0000, 0x0000, 0xDD68, 0xDD68, 0xDD68, 0x0000, 0x0000, 0x0000, 0x0000, 0xDD68, 0xDD68,
  0xDD68, 0x0000, 0x0000, 0x0000, 0x0000, 0x0000, 0x0000, 0x0000, 0x0000, 0x0000, 0x0000, 0x0000,
  0x0000, 0xDD68, 0xDD68, 0xDD68, 0x0000, 0x0000, 0x0000, 0x0000, 0x0000, 0x0000, 0x0000, 0x0000,
  0x0000, 0x0000, 0x0000, 0x0000, 0x0000, 0x0000, 0x0000, 0x0000, 0xDD68, 0xDD68, 0xDD68, 0xDD68,
  0xDD68, 0x0000, 0x0000, 0x0000, 0x0000, 0x0000, 0x0000, 0x0000, 0x0000, 0x0000, 0x0000, 0x0000,
  0x0000, 0x0000, 0x0000, 0x0000, 0x0000, 0x0000, 0x0000, 0x0000, 0x0000, 0x0000, 0x0000, 0x0000,
  0x0000, 0x0000, 0x0000, 0x0000, 0x0000, 0x0000, 0x0000, 0x0000, 0x0000, 0x0000, 0x0000, 0x0000,
  0x0000, 0x0000, 0x0000, 0x0000, 0x0000, 0x0000, 0x0000, 0x0000, 0x0000, 0x0000, 0x0000, 0x0000,
  0x0000, 0x0000, 0x0000, 0x0000, 0x0000, 0x0000, 0x0000, 0x0000, 0x0000, 0x0000, 0x0000, 0x0000,
  0x0000, 0x0000, 0x0000, 0x0000, 0x0000, 0x0000, 0x0000, 0x0000, 0x0000, 0x0000, 0x0000, 0x0000,
  0x0000, 0x0000, 0x0000, 0x0000, 0x0000, 0x0000, 0x0000, 0x0000, 0x0000, 0x0000, 0x0000, 0xDD68,
  0xDD68, 0xDD68, 0xDD68, 0x0000, 0x0000, 0x0000, 0x0000, 0x0000, 0x0000, 0x0000, 0x0000, 0xDD68,
  0xDD68, 0xDD68, 0xDD68, 0x0000, 0x0000, 0x18C1, 0xDD68, 0xDD68, 0xDD68, 0xDD68, 0xDD68, 0xDD68,
  0x0000, 0x0000, 0x0000, 0x0000, 0x0000, 0xDD68, 0xDD68, 0xDD68, 0x0000, 0x0000, 0x0000, 0x0000,
  0xDD68, 0xDD68, 0xDD68, 0x0000, 0x0000, 0x0000, 0x0000, 0x0000, 0x0000, 0x0000, 0x0000, 0x0000,
  0x0000, 0x0000, 0x0000, 0xDD68, 0xDD68, 0xDD68, 0xDD68, 0x0000, 0x0000, 0x0000, 0x0000, 0x0000,
  0x0000, 0x0000, 0x0000, 0x0000, 0x0000, 0x0000, 0x0000, 0x0000, 0x0000, 0x0000, 0xDD68, 0xDD68,
  0xDD68, 0xDD68, 0xDD68, 0xDD68, 0x0000, 0x0000, 0x0000, 0x0000, 0x0000, 0x0000, 0x0000, 0x0000,
  0x0000, 0x0000, 0x0000, 0x0000, 0x0000, 0x0000, 0x0000, 0x0000, 0x0000, 0x0000, 0x0000, 0x0000,
  0x0000, 0x0000, 0x0000, 0x0000, 0x0000, 0x0000, 0x0000, 0x0000, 0x0000, 0x0000, 0x0000, 0x0000,
  0x0000, 0x0000, 0x0000, 0x0000, 0x0000, 0x0000, 0x0000, 0x0000, 0x0000, 0x0000, 0x0000, 0x0000,
  0x0000, 0x0000, 0x0000, 0x0000, 0x0000, 0x0000, 0x0000, 0x0000, 0x0000, 0x0000, 0x0000, 0x0000,
  0x0000, 0x0000, 0x0000, 0x0000, 0x0000, 0x0000, 0x0000, 0x0000, 0x0000, 0x0000, 0x0000, 0x0000,
  0x0000, 0x0000, 0x0000, 0x0000, 0x0000, 0x0000, 0x0000, 0x0000, 0x0000, 0x0000, 0x0000, 0x0000,
  0x0000, 0xDD68, 0xDD68, 0xDD68, 0xDD68, 0x0000, 0x0000, 0x0000, 0x0000, 0x0000, 0x0000, 0x0000,
  0x0000, 0xDD68, 0xDD68, 0xDD68, 0xDD68, 0x0000, 0x0000, 0x18C1, 0xDD68, 0xDD68, 0xDD68, 0xDD68,
  0xDD68, 0xDD68, 0xDD68, 0x0000, 0x0000, 0x0000, 0x0000, 0xDD68, 0xDD68, 0xDD68, 0x0000, 0x0000,
  0x0000, 0x0000, 0xDD68, 0xDD68, 0xDD68, 0x0000, 0x0000, 0x0000, 0x0000, 0x0000, 0x0000, 0x0000,
  0x0000, 0x0000, 0x0000, 0x0000, 0x0000, 0xDD68, 0xDD68, 0xDD68, 0xDD68, 0xDD68, 0x0000, 0x0000,
  0x0000, 0x0000, 0x0000, 0x0000, 0x0000, 0x0000, 0x0000, 0x0000, 0x0000, 0x0000, 0x0000, 0xDD68,
  0xDD68, 0xDD68, 0xDD68, 0xDD68, 0xDD68, 0xDD68, 0x0000, 0x0000, 0x0000, 0x0000, 0x0000, 0x0000,
  0x0000, 0x0000, 0x0000, 0x0000, 0x0000, 0x0000, 0x0000, 0x0000, 0x0000, 0x0000, 0x0000, 0x0000,
  0x0000, 0x0000, 0x0000, 0x0000, 0x0000, 0x0000, 0x0000, 0x0000, 0x0000, 0x0000, 0x0000, 0x0000,
  0x0000, 0x0000, 0x0000, 0x0000, 0x0000, 0x0000, 0x0000, 0x0000, 0x0000, 0x0000, 0x0000, 0x0000,
  0x0000, 0x0000, 0x0000, 0x0000, 0x0000, 0x0000, 0x0000, 0x0000, 0x0000, 0x0000, 0x0000, 0x0000,
  0x0000, 0x0000, 0x0000, 0x0000, 0x0000, 0x0000, 0x0000, 0x0000, 0x0000, 0x0000, 0x0000, 0x0000,
  0x0000, 0x0000, 0x0000, 0x0000, 0x0000, 0x0000, 0x0000, 0x0000, 0x0000, 0x0000, 0x0000, 0x0000,
  0x0000, 0x0000, 0x0000, 0xDD68, 0xDD68, 0xDD68, 0xDD68, 0x0000, 0x0000, 0x0000, 0x0000, 0x0000,
  0x0000, 0x0000, 0x0000, 0xDD68, 0xDD68, 0xDD68, 0xDD68, 0x0000, 0x0000, 0x18C1, 0xDD68, 0xDD68,
  0xDD68, 0xDD68, 0xDD68, 0xDD68, 0xDD68, 0xDD68, 0x0000, 0x0000, 0x0000, 0xDD68, 0xDD68, 0xDD68,
  0x0000, 0x0000, 0x0000, 0x0000, 0xDD68, 0xDD68, 0xDD68, 0xDD68, 0xDD68, 0xDD68, 0xDD68, 0xDD68,
  0xDD68, 0xDD68, 0x0000, 0x0000, 0x0000, 0x0000, 0x0000, 0x0000, 0xDD68, 0xDD68, 0xDD68, 0xDD68,
  0xDD68, 0xDD68, 0x0000, 0x0000, 0x0000, 0x0000, 0x0000, 0x0000, 0x0000, 0x0000, 0x0000, 0x0000,
  0x0000, 0xDD68, 0xDD68, 0xDD68, 0x0000, 0xDD68, 0xDD68, 0xDD68, 0x3121, 0x0000, 0x0000, 0x0000,
  0x0000, 0x0000, 0x0000, 0x0000, 0x0000, 0x0000, 0x0000, 0x0000, 0x0000, 0x0000, 0x0000, 0x0000,
  0x0000, 0x0000, 0x0000, 0x0000, 0x0000, 0x0000, 0x0000, 0x0000, 0x0000, 0x0000, 0x0000, 0x0000,
  0x0000, 0x0000, 0x0000, 0x0000, 0x0000, 0x0000, 0x0000, 0x0000, 0x0000, 0x0000, 0x0000, 0x0000,
  0x0000, 0x0000, 0x0000, 0x0000, 0x0000, 0x0000, 0x0000, 0x0000, 0x0000, 0x0000, 0x0000, 0x0000,
  0x0000, 0x0000, 0x0000, 0x0000, 0x0000, 0x0000, 0x0000, 0x0000, 0x0000, 0x0000, 0x0000, 0x0000,
  0x0000, 0x0000, 0x0000, 0x0000, 0x0000, 0x0000, 0x0000, 0x0000, 0x0000, 0x0000, 0x0000, 0x0000,
  0x0000, 0x0000, 0x0000, 0x0000, 0x0000, 0xDD68, 0xDD68, 0xDD68, 0xDD68, 0x0000, 0x0000, 0x0000,
  0x0000, 0x0000, 0x0000, 0x0000, 0x0000, 0xDD68, 0xDD68, 0xDD68, 0xDD68, 0x0000, 0x0000, 0x18C1,
  0xDD68, 0xDD68, 0xDD68, 0x0000, 0xDD68, 0xDD68, 0xDD68, 0xDD68, 0xDD68, 0x0000, 0x0000, 0xDD68,
  0xDD68, 0xDD68, 0x0000, 0x0000, 0x0000, 0x0000, 0xDD68, 0xDD68, 0xDD68, 0xDD68, 0xDD68, 0xDD68,
  0xDD68, 0xDD68, 0xDD68, 0xDD68, 0x0000, 0x0000, 0x0000, 0x0000, 0x0000, 0x0000, 0x0000, 0xDD68,
  0xDD68, 0xDD68, 0xDD68, 0xDD68, 0xDD68, 0xDD68, 0x0000, 0x0000, 0x0000, 0x0000, 0x0000, 0x0000,
  0x0000, 0x0000, 0xDD68, 0xDD68, 0xDD68, 0xDD68, 0x0000, 0xDD68, 0xDD68, 0xDD68, 0xDD68, 0x0000,
  0x0000, 0x0000, 0x0000, 0x0000, 0x0000, 0x0000, 0x0000, 0x0000, 0x0000, 0x0000, 0x0000, 0x0000,
  0x0000, 0x0000, 0x0000, 0x0000, 0x0000, 0x0000, 0x0000, 0x0000, 0x0000, 0x0000, 0x0000, 0x0000,
  0x0000, 0x0000, 0x0000, 0x0000, 0x0000, 0x0000, 0x0000, 0x0000, 0x0000, 0x0000, 0x0000, 0x0000,
  0x0000, 0x0000, 0x0000, 0x0000, 0x0000, 0x0000, 0x0000, 0x0000, 0x0000, 0x0000, 0x0000, 0x0000,
  0x0000, 0x0000, 0x0000, 0x0000, 0x0000, 0x0000, 0x0000, 0x0000, 0x0000, 0x0000, 0x0000, 0x0000,
  0x0000, 0x0000, 0x0000, 0x0000, 0x0000, 0x0000, 0x0000, 0x0000, 0x0000, 0x0000, 0x0000, 0x0000,
  0x0000, 0x0000, 0x0000, 0x0000, 0x0000, 0x0000, 0x0000, 0xDD68, 0xDD68, 0xDD68, 0xDD68, 0x0000,
  0x0000, 0x0000, 0x0000, 0x0000, 0x0000, 0x0000, 0x0000, 0xDD68, 0xDD68, 0xDD68, 0xDD68, 0x0000,
  0x0000, 0x18C1, 0xDD68, 0xDD68, 0xDD68, 0x0000, 0x0000, 0xDD68, 0xDD68, 0xDD68, 0xDD68, 0xDD68,
  0x0000, 0xDD68, 0xDD68, 0xDD68, 0x0000, 0x0000, 0x0000, 0x0000, 0xDD68, 0xDD68, 0xDD68, 0xDD68,
  0xDD68, 0xDD68, 0xDD68, 0xDD68, 0xDD68, 0xDD68, 0x0000, 0x0000, 0x0000, 0x0000, 0x0000, 0x0000,
  0x0000, 0x0000, 0xDD68, 0xDD68, 0xDD68, 0xDD68, 0xDD68, 0xDD68, 0xDD68, 0x0000, 0x0000, 0x0000,
  0x0000, 0x0000, 0x0000, 0x0000, 0xDD68, 0xDD68, 0xDD68, 0x3142, 0x0000, 0x0000, 0xDD68, 0xDD68,
  0xDD68, 0x0000, 0x0000, 0x0000, 0x0000, 0x0000, 0x0000, 0x0000, 0x0000, 0x0000, 0x0000, 0x0000,
  0x0000, 0x0000, 0x0000, 0x0000, 0x0000, 0x0000, 0x0000, 0x0000, 0x0000, 0x0000, 0x0000, 0x0000,
  0x0000, 0x0000, 0x0000, 0x0000, 0x0000, 0x0000, 0x0000, 0x0000, 0x0000, 0x0000, 0x0000, 0x0000,
  0x0000, 0x0000, 0x0000, 0x0000, 0x0000, 0x0000, 0x0000, 0x0000, 0x0000, 0x0000, 0x0000, 0x0000,
  0x0000, 0x0000, 0x0000, 0x0000, 0x0000, 0x0000, 0x0000, 0x0000, 0x0000, 0x0000, 0x0000, 0x0000,
  0x0000, 0x0000, 0x0000, 0x0000, 0x0000, 0x0000, 0x0000, 0x0000, 0x0000, 0x0000, 0x0000, 0x0000,
  0x0000, 0x0000, 0x0000, 0x0000, 0x0000, 0x0000, 0x0000, 0x0000, 0x0000, 0xDD68, 0xDD68, 0xDD68,
  0xDD68, 0x0000, 0x0000, 0x0000, 0x0000, 0x0000, 0x0000, 0x0000, 0x0000, 0xDD68, 0xDD68, 0xDD68,
  0xDD68, 0x0000, 0x0000, 0x18C1, 0xDD68, 0xDD68, 0xDD68, 0x0000, 0x0000, 0x0000, 0xDD68, 0xDD68,
  0xDD68, 0xDD68, 0xDD68, 0xDD68, 0xDD68, 0xDD68, 0x0000, 0x0000, 0x0000, 0x0000, 0xDD68, 0xDD68,
  0xDD68, 0x0000, 0x0000, 0x0000, 0x0000, 0x0000, 0x0000, 0x0000, 0x0000, 0x0000, 0x0000, 0x0000,
  0x0000, 0x0000, 0x0000, 0x0000, 0x0000, 0x0000, 0xDD68, 0xDD68, 0xDD68, 0xDD68, 0xDD68, 0xDD68,
  0x0000, 0x0000, 0x0000, 0x0000, 0x0000, 0xDD68, 0xDD68, 0xDD68, 0xDD68, 0x0000, 0x0000, 0x0000,
  0xDD68, 0xDD68, 0xDD68, 0xDD68, 0x0000, 0x0000, 0x0000, 0x0000, 0x0000, 0x0000, 0x0000, 0x0000,
  0x0000, 0x0000, 0x0000, 0x0000, 0x0000, 0x0000, 0x0000, 0x0000, 0x0000, 0x0000, 0x0000, 0x0000,
  0x0000, 0x0000, 0x0000, 0x0000, 0x0000, 0x0000, 0x0000, 0x0000, 0x0000, 0x0000, 0x0000, 0x0000,
  0x0000, 0x0000, 0x0000, 0x0000, 0x0000, 0x0000, 0x0000, 0x0000, 0x0000, 0x0000, 0x0000, 0x0000,
  0x0000, 0x0000, 0x0000, 0x0000, 0x0000, 0x0000, 0x0000, 0x0000, 0x0000, 0x0000, 0x0000, 0x0000,
  0x0000, 0x0000, 0x0000, 0x0000, 0x0000, 0x0000, 0x0000, 0x0000, 0x0000, 0x0000, 0x0000, 0x0000,
  0x0000, 0x0000, 0x0000, 0x0000, 0x0000, 0x0000, 0x0000, 0x0000, 0x0000, 0x0000, 0x0000, 0xDD68,
  0xDD68, 0xDD68, 0xDD68, 0x0000, 0x0000, 0x0000, 0x0000, 0x0000, 0x0000, 0x0000, 0x0000, 0xDD68,
  0xDD68, 0xDD68, 0xDD68, 0x0000, 0x0000, 0x18C1, 0xDD68, 0xDD68, 0xDD68, 0x0000, 0x0000, 0x0000,
  0x0000, 0xDD68, 0xDD68, 0xDD68, 0xDD68, 0xDD68, 0xDD68, 0xDD68, 0x0000, 0x0000, 0x0000, 0x0000,
  0xDD68, 0xDD68, 0xDD68, 0x0000, 0x0000, 0x0000, 0x0000, 0x0000, 0x0000, 0x0000, 0x0000, 0x0000,
  0x0000, 0x0000, 0x0000, 0x0000, 0x0000, 0x0000, 0x0000, 0x0000, 0x0000, 0x0000, 0xDD68, 0xDD68,
  0xDD68, 0xDD68, 0xDD68, 0x0000, 0x0000, 0x0000, 0x0000, 0xDD68, 0xDD68, 0xDD68, 0xDD68, 0x0000,
  0x0000, 0x0000, 0x0000, 0xDD68, 0xDD68, 0xDD68, 0x0000, 0x0000, 0x0000, 0x0000, 0x0000, 0x0000,
  0x0000, 0x0000, 0x0000, 0x0000, 0x0000, 0x0000, 0x0000, 0x0000, 0x0000, 0x0000, 0x0000, 0x0000,
  0x0000, 0x0000, 0x0000, 0x0000, 0x0000, 0x0000, 0x0000, 0x0000, 0x0000, 0x0000, 0x0000, 0x0000,
  0x0000, 0x0000, 0x0000, 0x0000, 0x0000, 0x0000, 0x0000, 0x0000, 0x0000, 0x0000, 0x0000, 0x0000,
  0x0000, 0x0000, 0x0000, 0x0000, 0x0000, 0x0000, 0x0000, 0x0000, 0x0000, 0x0000, 0x0000, 0x0000,
  0x0000, 0x0000, 0x0000, 0x0000, 0x0000, 0x0000, 0x0000, 0x0000, 0x0000, 0x0000, 0x0000, 0x0000,
  0x0000, 0x0000, 0x0000, 0x0000, 0x0000, 0x0000, 0x0000, 0x0000, 0x0000, 0x0000, 0x0000, 0x0000,
  0x0000, 0xDD68, 0xDD68, 0xDD68, 0xDD68, 0x0000, 0x0000, 0x0000, 0x0000, 0x0000, 0x0000, 0x0000,
  0x0000, 0xDD68, 0xDD68, 0xDD68, 0xDD68, 0x0000, 0x0000, 0x18C1, 0xDD68, 0xDD68, 0xDD68, 0x0000,
  0x0000, 0x0000, 0x0000, 0x0000, 0xDD68, 0xDD68, 0xDD68, 0xDD68, 0xDD68, 0xDD68, 0x0000, 0x0000,
  0x0000, 0x0000, 0xDD68, 0xDD68, 0xDD68, 0x0000, 0x0000, 0x0000, 0x0000, 0x0000, 0x0000, 0x0000,
  0x0000, 0x0000, 0x0000, 0x0000, 0x0000, 0x0000, 0x0000, 0x0000, 0x0000, 0x0000, 0x0000, 0x0000,
  0x0000, 0xDD68, 0xDD68, 0xDD68, 0xDD68, 0x0000, 0x0000, 0x0000, 0x1080, 0xDD68, 0xDD68, 0xDD68,
  0xDD68, 0xDD68, 0xDD68, 0xDD68, 0xDD68, 0xDD68, 0xDD68, 0xDD68, 0xDD68, 0x0000, 0x0000, 0x0000,
  0x0000, 0x0000, 0x0000, 0x0000, 0x0000, 0x0000, 0x0000, 0x0000, 0x0000, 0x0000, 0x0000, 0x0000,
  0x0000, 0x0000, 0x0000, 0x0000, 0x0000, 0x0000, 0x0000, 0x0000, 0x0000, 0x0000, 0x0000, 0x0000,
  0x0000, 0x0000, 0x0000, 0x0000, 0x0000, 0x0000, 0x0000, 0x0000, 0x0000, 0x0000, 0x0000, 0x0000,
  0x0000, 0x0000, 0x0000, 0x0000, 0x0000, 0x0000, 0x0000, 0x0000, 0x0000, 0x0000, 0x0000, 0x0000,
  0x0000, 0x0000, 0x0000, 0x0000, 0x0000, 0x0000, 0x0000, 0x0000, 0x0000, 0x0000, 0x0000, 0x0000,
  0x0000, 0x0000, 0x0000, 0x0000, 0x0000, 0x0000, 0x0000, 0x0000, 0x0000, 0x0000, 0x0000, 0x0000,
  0x0000, 0x0000, 0x0000, 0xDD68, 0xDD68, 0xDD68, 0xDD68, 0x0000, 0x0000, 0x0000, 0x0000, 0x0000,
  0x0000, 0x0000, 0x0000, 0xDD68, 0xDD68, 0xDD68, 0xDD68, 0x0000, 0x0000, 0x18C1, 0xDD68, 0xDD68,
  0xDD68, 0x0000, 0x0000, 0x0000, 0x0000, 0x0000, 0x0000, 0xDD68, 0xDD68, 0xDD68, 0xDD68, 0xDD68,
  0x0000, 0x0000, 0x0000, 0x0000, 0xDD68, 0xDD68, 0xDD68, 0x0000, 0x0000, 0x0000, 0x0000, 0x0000,
  0x0000, 0x0000, 0x0000, 0x0000, 0x0000, 0x0000, 0x0000, 0x0000, 0x0000, 0x0000, 0x0000, 0x0000,
  0x0000, 0x0000, 0x0000, 0xDD68, 0xDD68, 0xDD68, 0xDD68, 0x0000, 0x0000, 0x0000, 0xDD68, 0xDD68,
  0xDD68, 0xDD68, 0xDD68, 0xDD68, 0xDD68, 0xDD68, 0xDD68, 0xDD68, 0xDD68, 0xDD68, 0xDD68, 0x0000,
  0x0000, 0x0000, 0x0000, 0x0000, 0x0000, 0x0000, 0x0000, 0x0000, 0x0000, 0x0000, 0x0000, 0x0000,
  0x0000, 0x0000, 0x0000, 0x0000, 0x0000, 0x0000, 0x0000, 0x0000, 0x0000, 0x0000, 0x0000, 0x0000,
  0x0000, 0x0000, 0x0000, 0x0000, 0x0000, 0x0000, 0x0000, 0x0000, 0x0000, 0x0000, 0x0000, 0x0000,
  0x0000, 0x0000, 0x0000, 0x0000, 0x0000, 0x0000, 0x0000, 0x0000, 0x0000, 0x0000, 0x0000, 0x0000,
  0x0000, 0x0000, 0x0000, 0x0000, 0x0000, 0x0000, 0x0000, 0x0000, 0x0000, 0x0000, 0x0000, 0x0000,
  0x0000, 0x0000, 0x0000, 0x0000, 0x0000, 0x0000, 0x0000, 0x0000, 0x0000, 0x0000, 0x0000, 0x0000,
  0x0000, 0x0000, 0x0000, 0x0000, 0x0000, 0x0000, 0xDD68, 0xDD68, 0xDD68, 0xDD68, 0x0000, 0x0000,
  0x0000, 0x0000, 0x0000, 0x0000, 0x3121, 0xDD68, 0xDD68, 0xDD68, 0x0000, 0x0000, 0x0000, 0x18C1,
  0xDD68, 0xDD68, 0xDD68, 0x0000, 0x0000, 0x0000, 0x0000, 0x0000, 0x0000, 0x0000, 0xDD68, 0xDD68,
  0xDD68, 0xDD68, 0x0000, 0x0000, 0x0000, 0x0000, 0xDD68, 0xDD68, 0xDD68, 0x0000, 0x0000, 0x0000,
  0x0000, 0x0000, 0x0000, 0x0000, 0x0000, 0x0000, 0x0000, 0x0000, 0x0000, 0x0000, 0x0000, 0x0000,
  0x0000, 0x0000, 0x0000, 0x0000, 0x0000, 0xDD68, 0xDD68, 0xDD68, 0xDD68, 0x0000, 0x0000, 0x0000,
  0xDD68, 0xDD68, 0xDD68, 0xDD68, 0xDD68, 0xDD68, 0xDD68, 0xDD68, 0xDD68, 0xDD68, 0xDD68, 0xDD68,
  0xDD68, 0x9BC6, 0x0000, 0x0000, 0x0000, 0x0000, 0x0000, 0x0000, 0x0000, 0x0000, 0x0000, 0x0000,
  0x0000, 0x0000, 0x0000, 0x0000, 0x0000, 0x0000, 0x0000, 0x0000, 0x0000, 0x0000, 0x0000, 0x0000,
  0x0000, 0x0000, 0x0000, 0x0000, 0x0000, 0x0000, 0x0000, 0x0000, 0x0000, 0x0000, 0x0000, 0x0000,
  0x0000, 0x0000, 0x0000, 0x0000, 0x0000, 0x0000, 0x0000, 0x0000, 0x0000, 0x0000, 0x0000, 0x0000,
  0x0000, 0x0000, 0x0000, 0x0000, 0x0000, 0x0000, 0x0000, 0x0000, 0x0000, 0x0000, 0x0000, 0x0000,
  0x0000, 0x0000, 0x0000, 0x0000, 0x0000, 0x0000, 0x0000, 0x0000, 0x0000, 0x0000, 0x0000, 0x0000,
  0x0000, 0x0000, 0x0000, 0x0000, 0x0000, 0x0000, 0x0000, 0x0000, 0xDD68, 0xDD68, 0xDD68, 0xDD68,
  0x2901, 0x0000, 0x0000, 0x0000, 0x0000, 0x0000, 0xDD68, 0xDD68, 0xDD68, 0xDD68, 0x0000, 0x0000,
  0x0000, 0x18C1, 0xDD68, 0xDD68, 0xDD68, 0x0000, 0x0000, 0x0000, 0x0000, 0x0000, 0x0000, 0x0000,
  0x0000, 0xDD68, 0xDD68, 0xDD68, 0x0000, 0x0000, 0x0000, 0x0000, 0xDD68, 0xDD68, 0xDD68, 0x0000,
  0x0000, 0x0000, 0x0000, 0x0000, 0x0000, 0x0000, 0x0000, 0x0000, 0x0000, 0x0000, 0x0000, 0x0000,
  0x0000, 0x0000, 0x0000, 0x0000, 0x0000, 0x0000, 0x0000, 0xDD68, 0xDD68, 0xDD68, 0xDD68, 0x0000,
  0x0000, 0xDD68, 0xDD68, 0xDD68, 0xDD68, 0x0000, 0x0000, 0x0000, 0x0000, 0x0000, 0x0000, 0x0000,
  0xDD68, 0xDD68, 0xDD68, 0xDD68, 0x0000, 0x0000, 0x0000, 0x0000, 0x0000, 0x0000, 0x0000, 0x0000,
  0x0000, 0x0000, 0x0000, 0x0000, 0x0000, 0x0000, 0x0000, 0x0000, 0x0000, 0x0000, 0x0000, 0x0000,
  0x0000, 0x0000, 0x0000, 0x0000, 0x0000, 0x0000, 0x0000, 0x0000, 0x0000, 0x0000, 0x0000, 0x0000,
  0x0000, 0x0000, 0x0000, 0x0000, 0x0000, 0x0000, 0x0000, 0x0000, 0x0000, 0x0000, 0x0000, 0x0000,
  0x0000, 0x0000, 0x0000, 0x0000, 0x0000, 0x0000, 0x0000, 0x0000, 0x0000, 0x0000, 0x0000, 0x0000,
  0x0000, 0x0000, 0x0000, 0x0000, 0x0000, 0x0000, 0x0000, 0x0000, 0x0000, 0x0000, 0x0000, 0x0000,
  0x0000, 0x0000, 0x0000, 0x0000, 0x0000, 0x0000, 0x0000, 0x0000, 0x0000, 0x0000, 0xDD68, 0xDD68,
  0xDD68, 0xDD68, 0xDD68, 0xDD68, 0xDD68, 0xDD68, 0xDD68, 0xDD68, 0xDD68, 0xDD68, 0xDD68, 0xDD68,
  0x0000, 0x0000, 0x0000, 0x18C1, 0xDD68, 0xDD68, 0xDD68, 0x0000, 0x0000, 0x0000, 0x0000, 0x0000,
  0x0000, 0x0000, 0x0000, 0x0000, 0xDD68, 0xDD68, 0x0000, 0x0000, 0x0000, 0x0000, 0xDD68, 0xDD68,
  0xDD68, 0xDD68, 0xDD68, 0xDD68, 0xDD68, 0xDD68, 0xDD68, 0xDD68, 0xDD68, 0x0000, 0x0000, 0x0000,
  0x0000, 0x0000, 0xDD68, 0xDD68, 0xDD68, 0xDD68, 0xDD68, 0xDD68, 0xDD68, 0xDD68, 0xDD68, 0xDD68,
  0x0000, 0x0000, 0x0000, 0xDD68, 0xDD68, 0xDD68, 0xDD68, 0x0000, 0x0000, 0x0000, 0x0000, 0x0000,
  0x0000, 0x0000, 0x0000, 0xDD68, 0xDD68, 0xDD68, 0x0000, 0x0000, 0x0000, 0x0000, 0x0000, 0x0000,
  0x0000, 0x0000, 0x0000, 0x0000, 0x0000, 0x0000, 0x0000, 0x0000, 0x0000, 0x0000, 0x0000, 0x0000,
  0x0000, 0x0000, 0x0000, 0x0000, 0x0000, 0x0000, 0x0000, 0x0000, 0x0000, 0x0000, 0x0000, 0x0000,
  0x0000, 0x0000, 0x0000, 0x0000, 0x0000, 0x0000, 0x0000, 0x0000, 0x0000, 0x0000, 0x0000, 0x0000,
  0x0000, 0x0000, 0x0000, 0x0000, 0x0000, 0x0000, 0x0000, 0x0000, 0x0000, 0x0000, 0x0000, 0x0000,
  0x0000, 0x0000, 0x0000, 0x0000, 0x0000, 0x0000, 0x0000, 0x0000, 0x0000, 0x0000, 0x0000, 0x0000,
  0x0000, 0x0000, 0x0000, 0x0000, 0x0000, 0x0000, 0x0000, 0x0000, 0x0000, 0x0000, 0x0000, 0x0000,
  0x0000, 0xDD68, 0xDD68, 0xDD68, 0xDD68, 0xDD68, 0xDD68, 0xDD68, 0xDD68, 0xDD68, 0xDD68, 0xDD68,
  0xDD68, 0x0000, 0x0000, 0x0000, 0x0000, 0x18C1, 0xDD68, 0xDD68, 0xDD68, 0x0000, 0x0000, 0x0000,
  0x0000, 0x0000, 0x0000, 0x0000, 0x0000, 0x0000, 0x0000, 0xDD68, 0x0000, 0x0000, 0x0000, 0x0000,
  0xDD68, 0xDD68, 0xDD68, 0xDD68, 0xDD68, 0xDD68, 0xDD68, 0xDD68, 0xDD68, 0xDD68, 0xDD68, 0xDD68,
  0x0000, 0x0000, 0x0000, 0xDD68, 0xDD68, 0xDD68, 0xDD68, 0xDD68, 0xDD68, 0xDD68, 0xDD68, 0xDD68,
  0xDD68, 0xDD68, 0x0000, 0x0000, 0xDD68, 0xDD68, 0xDD68, 0xDD68, 0x0000, 0x0000, 0x0000, 0x0000,
  0x0000, 0x0000, 0x0000, 0x0000, 0x0000, 0xDD68, 0xDD68, 0xDD68, 0xDD68, 0x0000, 0x0000, 0x0000,
  0x0000, 0x0000, 0x0000, 0x0000, 0x0000, 0x0000, 0x0000, 0x0000, 0x0000, 0x0000, 0x0000, 0x0000,
  0x0000, 0x0000, 0x0000, 0x0000, 0x0000, 0x0000, 0x0000, 0x0000, 0x0000, 0x0000, 0x0000, 0x0000,
  0x0000, 0x0000, 0x0000, 0x0000, 0x0000, 0x0000, 0x0000, 0x0000, 0x0000, 0x0000, 0x0000, 0x0000,
  0x0000, 0x0000, 0x0000, 0x0000, 0x0000, 0x0000, 0x0000, 0x0000, 0x0000, 0x0000, 0x0000, 0x0000,
  0x0000, 0x0000, 0x0000, 0x0000, 0x0000, 0x0000, 0x0000, 0x0000, 0x0000, 0x0000, 0x0000, 0x0000,
  0x0000, 0x0000, 0x0000, 0x0000, 0x0000, 0x0000, 0x0000, 0x0000, 0x0000, 0x0000, 0x0000, 0x0000,
  0x0000, 0x0000, 0x0000, 0x0000, 0x0000, 0xDD68, 0xDD68, 0xDD68, 0xDD68, 0xDD68, 0xDD68, 0xDD68,
  0xDD68, 0x0000, 0x0000, 0x0000, 0x0000, 0x0000, 0x0000, 0x18C1, 0xDD68, 0xDD68, 0x0000, 0x0000,
  0x0000, 0x0000, 0x0000, 0x0000, 0x0000, 0x0000, 0x0000, 0x0000, 0x0000, 0x0840, 0x0000, 0x0000,
  0x0000, 0x0000, 0xDD68, 0xDD68, 0xDD68, 0xDD68, 0xDD68, 0xDD68, 0xDD68, 0xDD68, 0xDD68, 0xDD68,
  0xDD68, 0xDD68, 0x0000, 0x0000, 0x0000, 0xDD68, 0xDD68, 0xDD68, 0xDD68, 0xDD68, 0xDD68, 0xDD68,
  0xDD68, 0xDD68, 0x0000, 0x0000, 0x0000, 0x0000, 0xDD68, 0xDD68, 0xDD68, 0x49E3, 0x0000, 0x0000,
  0x0000, 0x0000, 0x0000, 0x0000, 0x0000, 0x0000, 0x0000, 0x0000, 0xDD68, 0xDD68, 0xDD68, 0x0000,
  0x0000, 0x0000, 0x0000, 0x0000, 0x0000, 0x0000, 0x0000, 0x0000, 0x0000, 0x0000, 0x0000, 0x0000,
  0x0000, 0x0000, 0x0000, 0x0000, 0x0000, 0x0000, 0x0000, 0x0000, 0x0000, 0x0000, 0x0000, 0x0000,
  0x0000, 0x0000, 0x0000, 0x0000, 0x0000, 0x0000, 0x0000, 0x0000, 0x0000, 0x0000, 0x0000, 0x0000,
  0x0000, 0x0000, 0x0000, 0x0000, 0x0000, 0x0000, 0x0000, 0x0000, 0x0000, 0x0000, 0x0000, 0x0000,
  0x0000, 0x0000, 0x0000, 0x0000, 0x0000, 0x0000, 0x0000, 0x0000, 0x0000, 0x0000, 0x0000, 0x0000,
  0x0000, 0x0000, 0x0000, 0x0000, 0x0000, 0x0000, 0x0000, 0x0000, 0x0000, 0x0000, 0x0000, 0x0000,
  0x0000, 0x0000, 0x0000, 0x0000, 0x0000, 0x0000, 0x0000, 0x0000, 0x0000, 0x0000, 0x0000, 0x0000,
  0x0000, 0x0000, 0x0000, 0x0000, 0x0000, 0x0000, 0x0000, 0x0000, 0x0000, 0x0000, 0x0000, 0x0000,
  0x0000, 0x0000, 0x0000, 0x0000, 0x0000, 0x0000, 0x0000, 0x0000, 0x0000, 0x0000, 0x0000, 0x0000,
  0x0000, 0x0000, 0x0000, 0x0000, 0x0000, 0x0000, 0x0000, 0x0000, 0x0000, 0x0000, 0x0000, 0x0000,
  0x0000, 0x0000, 0x0000, 0x0000, 0x0000, 0x0000, 0x0000, 0x0000, 0x0000, 0x0000, 0x1080, 0xC4E8,
  0x9BC6, 0x0000, 0x0000, 0x0000, 0x0000, 0x0000, 0x0000, 0x0000, 0x0000, 0x0000, 0x0000, 0x0000,
  0x0000, 0x0000, 0x0000, 0x0000, 0x0000, 0x0000, 0x0000, 0x0000, 0x0000, 0x0000, 0x0000, 0x0000,
  0x0000, 0x0000, 0x0000, 0x0000, 0x0000, 0x0000, 0x0000, 0x0000, 0x0000, 0x0000, 0x0000, 0x0000,
  0x0000, 0x0000, 0x0000, 0x0000, 0x0000, 0x0000, 0x0000, 0x0000, 0x0000, 0x0000, 0x0000, 0x0000,
  0x0000, 0x0000, 0x0000, 0x0000, 0x0000, 0x0000, 0x0000, 0x0000, 0x0000, 0x0000, 0x0000, 0x0000,
  0x0000, 0x0000, 0x0000, 0x0000
};